Role,Permission,Expected,Actual,Delta,Classification,Evidence
ADMIN,account.booking.read_own,GRANT,GRANT,NONE,MATCH,RBAC-parity oracle: ROLE_PERMISSIONS[code] == DB RolePermission (migration-built + dev verified); runtime via SecurityService.permissionsOf(DB)
ADMIN,account.document.read_own,GRANT,GRANT,NONE,MATCH,RBAC-parity oracle: ROLE_PERMISSIONS[code] == DB RolePermission (migration-built + dev verified); runtime via SecurityService.permissionsOf(DB)
ADMIN,account.order.read_own,GRANT,GRANT,NONE,MATCH,RBAC-parity oracle: ROLE_PERMISSIONS[code] == DB RolePermission (migration-built + dev verified); runtime via SecurityService.permissionsOf(DB)
ADMIN,account.payment.read_own,GRANT,GRANT,NONE,MATCH,RBAC-parity oracle: ROLE_PERMISSIONS[code] == DB RolePermission (migration-built + dev verified); runtime via SecurityService.permissionsOf(DB)
ADMIN,account.profile.read,GRANT,GRANT,NONE,MATCH,RBAC-parity oracle: ROLE_PERMISSIONS[code] == DB RolePermission (migration-built + dev verified); runtime via SecurityService.permissionsOf(DB)
ADMIN,account.profile.update,GRANT,GRANT,NONE,MATCH,RBAC-parity oracle: ROLE_PERMISSIONS[code] == DB RolePermission (migration-built + dev verified); runtime via SecurityService.permissionsOf(DB)
ADMIN,account.support.read_own,GRANT,GRANT,NONE,MATCH,RBAC-parity oracle: ROLE_PERMISSIONS[code] == DB RolePermission (migration-built + dev verified); runtime via SecurityService.permissionsOf(DB)
ADMIN,analytics.read,GRANT,GRANT,NONE,MATCH,RBAC-parity oracle: ROLE_PERMISSIONS[code] == DB RolePermission (migration-built + dev verified); runtime via SecurityService.permissionsOf(DB)
ADMIN,audit.read,GRANT,GRANT,NONE,MATCH,RBAC-parity oracle: ROLE_PERMISSIONS[code] == DB RolePermission (migration-built + dev verified); runtime via SecurityService.permissionsOf(DB)
ADMIN,booking.cancel,GRANT,GRANT,NONE,MATCH,RBAC-parity oracle: ROLE_PERMISSIONS[code] == DB RolePermission (migration-built + dev verified); runtime via SecurityService.permissionsOf(DB)
ADMIN,booking.confirm,GRANT,GRANT,NONE,MATCH,RBAC-parity oracle: ROLE_PERMISSIONS[code] == DB RolePermission (migration-built + dev verified); runtime via SecurityService.permissionsOf(DB)
ADMIN,booking.read,GRANT,GRANT,NONE,MATCH,RBAC-parity oracle: ROLE_PERMISSIONS[code] == DB RolePermission (migration-built + dev verified); runtime via SecurityService.permissionsOf(DB)
ADMIN,booking.request_change,GRANT,GRANT,NONE,MATCH,RBAC-parity oracle: ROLE_PERMISSIONS[code] == DB RolePermission (migration-built + dev verified); runtime via SecurityService.permissionsOf(DB)
ADMIN,booking.send_supplier,GRANT,GRANT,NONE,MATCH,RBAC-parity oracle: ROLE_PERMISSIONS[code] == DB RolePermission (migration-built + dev verified); runtime via SecurityService.permissionsOf(DB)
ADMIN,catalog.availability.write,GRANT,GRANT,NONE,MATCH,RBAC-parity oracle: ROLE_PERMISSIONS[code] == DB RolePermission (migration-built + dev verified); runtime via SecurityService.permissionsOf(DB)
ADMIN,catalog.category.write,GRANT,GRANT,NONE,MATCH,RBAC-parity oracle: ROLE_PERMISSIONS[code] == DB RolePermission (migration-built + dev verified); runtime via SecurityService.permissionsOf(DB)
ADMIN,catalog.category_schema.read,GRANT,GRANT,NONE,MATCH,RBAC-parity oracle: ROLE_PERMISSIONS[code] == DB RolePermission (migration-built + dev verified); runtime via SecurityService.permissionsOf(DB)
ADMIN,catalog.category_schema.read_active_for_product_edit,GRANT,GRANT,NONE,MATCH,RBAC-parity oracle: ROLE_PERMISSIONS[code] == DB RolePermission (migration-built + dev verified); runtime via SecurityService.permissionsOf(DB)
ADMIN,catalog.category_schema.write,GRANT,GRANT,NONE,MATCH,RBAC-parity oracle: ROLE_PERMISSIONS[code] == DB RolePermission (migration-built + dev verified); runtime via SecurityService.permissionsOf(DB)
ADMIN,catalog.media.delete_own,GRANT,GRANT,NONE,MATCH,RBAC-parity oracle: ROLE_PERMISSIONS[code] == DB RolePermission (migration-built + dev verified); runtime via SecurityService.permissionsOf(DB)
ADMIN,catalog.media.read_for_moderation,GRANT,GRANT,NONE,MATCH,RBAC-parity oracle: ROLE_PERMISSIONS[code] == DB RolePermission (migration-built + dev verified); runtime via SecurityService.permissionsOf(DB)
ADMIN,catalog.media.reorder_own,GRANT,GRANT,NONE,MATCH,RBAC-parity oracle: ROLE_PERMISSIONS[code] == DB RolePermission (migration-built + dev verified); runtime via SecurityService.permissionsOf(DB)
ADMIN,catalog.media.set_primary_own,GRANT,GRANT,NONE,MATCH,RBAC-parity oracle: ROLE_PERMISSIONS[code] == DB RolePermission (migration-built + dev verified); runtime via SecurityService.permissionsOf(DB)
ADMIN,catalog.media.update_own,GRANT,GRANT,NONE,MATCH,RBAC-parity oracle: ROLE_PERMISSIONS[code] == DB RolePermission (migration-built + dev verified); runtime via SecurityService.permissionsOf(DB)
ADMIN,catalog.media.upload_own,GRANT,GRANT,NONE,MATCH,RBAC-parity oracle: ROLE_PERMISSIONS[code] == DB RolePermission (migration-built + dev verified); runtime via SecurityService.permissionsOf(DB)
ADMIN,catalog.product.channels_own,GRANT,GRANT,NONE,MATCH,RBAC-parity oracle: ROLE_PERMISSIONS[code] == DB RolePermission (migration-built + dev verified); runtime via SecurityService.permissionsOf(DB)
ADMIN,catalog.product.create_own,GRANT,GRANT,NONE,MATCH,RBAC-parity oracle: ROLE_PERMISSIONS[code] == DB RolePermission (migration-built + dev verified); runtime via SecurityService.permissionsOf(DB)
ADMIN,catalog.product.publish,GRANT,GRANT,NONE,MATCH,RBAC-parity oracle: ROLE_PERMISSIONS[code] == DB RolePermission (migration-built + dev verified); runtime via SecurityService.permissionsOf(DB)
ADMIN,catalog.product.read,GRANT,GRANT,NONE,MATCH,RBAC-parity oracle: ROLE_PERMISSIONS[code] == DB RolePermission (migration-built + dev verified); runtime via SecurityService.permissionsOf(DB)
ADMIN,catalog.product.read_for_moderation,GRANT,GRANT,NONE,MATCH,RBAC-parity oracle: ROLE_PERMISSIONS[code] == DB RolePermission (migration-built + dev verified); runtime via SecurityService.permissionsOf(DB)
ADMIN,catalog.product.read_own,GRANT,GRANT,NONE,MATCH,RBAC-parity oracle: ROLE_PERMISSIONS[code] == DB RolePermission (migration-built + dev verified); runtime via SecurityService.permissionsOf(DB)
ADMIN,catalog.product.submit_moderation,GRANT,GRANT,NONE,MATCH,RBAC-parity oracle: ROLE_PERMISSIONS[code] == DB RolePermission (migration-built + dev verified); runtime via SecurityService.permissionsOf(DB)
ADMIN,catalog.product.update_own_draft,GRANT,GRANT,NONE,MATCH,RBAC-parity oracle: ROLE_PERMISSIONS[code] == DB RolePermission (migration-built + dev verified); runtime via SecurityService.permissionsOf(DB)
ADMIN,catalog.product.write,GRANT,GRANT,NONE,MATCH,RBAC-parity oracle: ROLE_PERMISSIONS[code] == DB RolePermission (migration-built + dev verified); runtime via SecurityService.permissionsOf(DB)
ADMIN,catalog.rate_plan.publish,GRANT,GRANT,NONE,MATCH,RBAC-parity oracle: ROLE_PERMISSIONS[code] == DB RolePermission (migration-built + dev verified); runtime via SecurityService.permissionsOf(DB)
ADMIN,catalog.service_unit.publish,GRANT,GRANT,NONE,MATCH,RBAC-parity oracle: ROLE_PERMISSIONS[code] == DB RolePermission (migration-built + dev verified); runtime via SecurityService.permissionsOf(DB)
ADMIN,communication.create,GRANT,GRANT,NONE,MATCH,RBAC-parity oracle: ROLE_PERMISSIONS[code] == DB RolePermission (migration-built + dev verified); runtime via SecurityService.permissionsOf(DB)
ADMIN,communication.read,GRANT,GRANT,NONE,MATCH,RBAC-parity oracle: ROLE_PERMISSIONS[code] == DB RolePermission (migration-built + dev verified); runtime via SecurityService.permissionsOf(DB)
ADMIN,communication.read_own,GRANT,GRANT,NONE,MATCH,RBAC-parity oracle: ROLE_PERMISSIONS[code] == DB RolePermission (migration-built + dev verified); runtime via SecurityService.permissionsOf(DB)
ADMIN,communication.write_own,GRANT,GRANT,NONE,MATCH,RBAC-parity oracle: ROLE_PERMISSIONS[code] == DB RolePermission (migration-built + dev verified); runtime via SecurityService.permissionsOf(DB)
ADMIN,crm.activity.read,GRANT,GRANT,NONE,MATCH,RBAC-parity oracle: ROLE_PERMISSIONS[code] == DB RolePermission (migration-built + dev verified); runtime via SecurityService.permissionsOf(DB)
ADMIN,crm.company.write,GRANT,GRANT,NONE,MATCH,RBAC-parity oracle: ROLE_PERMISSIONS[code] == DB RolePermission (migration-built + dev verified); runtime via SecurityService.permissionsOf(DB)
ADMIN,crm.contact.write,GRANT,GRANT,NONE,MATCH,RBAC-parity oracle: ROLE_PERMISSIONS[code] == DB RolePermission (migration-built + dev verified); runtime via SecurityService.permissionsOf(DB)
ADMIN,crm.customer.create_own,GRANT,GRANT,NONE,MATCH,RBAC-parity oracle: ROLE_PERMISSIONS[code] == DB RolePermission (migration-built + dev verified); runtime via SecurityService.permissionsOf(DB)
ADMIN,crm.customer.read,GRANT,GRANT,NONE,MATCH,RBAC-parity oracle: ROLE_PERMISSIONS[code] == DB RolePermission (migration-built + dev verified); runtime via SecurityService.permissionsOf(DB)
ADMIN,crm.customer.read_own,GRANT,GRANT,NONE,MATCH,RBAC-parity oracle: ROLE_PERMISSIONS[code] == DB RolePermission (migration-built + dev verified); runtime via SecurityService.permissionsOf(DB)
ADMIN,crm.customer.update_own,GRANT,GRANT,NONE,MATCH,RBAC-parity oracle: ROLE_PERMISSIONS[code] == DB RolePermission (migration-built + dev verified); runtime via SecurityService.permissionsOf(DB)
ADMIN,crm.customer.write,GRANT,GRANT,NONE,MATCH,RBAC-parity oracle: ROLE_PERMISSIONS[code] == DB RolePermission (migration-built + dev verified); runtime via SecurityService.permissionsOf(DB)
ADMIN,crm.partner.read,GRANT,GRANT,NONE,MATCH,RBAC-parity oracle: ROLE_PERMISSIONS[code] == DB RolePermission (migration-built + dev verified); runtime via SecurityService.permissionsOf(DB)
ADMIN,crm.partner.write,GRANT,GRANT,NONE,MATCH,RBAC-parity oracle: ROLE_PERMISSIONS[code] == DB RolePermission (migration-built + dev verified); runtime via SecurityService.permissionsOf(DB)
ADMIN,crm.supplier.write,GRANT,GRANT,NONE,MATCH,RBAC-parity oracle: ROLE_PERMISSIONS[code] == DB RolePermission (migration-built + dev verified); runtime via SecurityService.permissionsOf(DB)
ADMIN,dashboard.attention.read,GRANT,GRANT,NONE,MATCH,RBAC-parity oracle: ROLE_PERMISSIONS[code] == DB RolePermission (migration-built + dev verified); runtime via SecurityService.permissionsOf(DB)
ADMIN,dashboard.catalog.read,GRANT,GRANT,NONE,MATCH,RBAC-parity oracle: ROLE_PERMISSIONS[code] == DB RolePermission (migration-built + dev verified); runtime via SecurityService.permissionsOf(DB)
ADMIN,dashboard.channels.read,GRANT,GRANT,NONE,MATCH,RBAC-parity oracle: ROLE_PERMISSIONS[code] == DB RolePermission (migration-built + dev verified); runtime via SecurityService.permissionsOf(DB)
ADMIN,dashboard.customize,GRANT,GRANT,NONE,MATCH,RBAC-parity oracle: ROLE_PERMISSIONS[code] == DB RolePermission (migration-built + dev verified); runtime via SecurityService.permissionsOf(DB)
ADMIN,dashboard.executive.read,GRANT,GRANT,NONE,MATCH,RBAC-parity oracle: ROLE_PERMISSIONS[code] == DB RolePermission (migration-built + dev verified); runtime via SecurityService.permissionsOf(DB)
ADMIN,dashboard.financial.read,GRANT,GRANT,NONE,MATCH,RBAC-parity oracle: ROLE_PERMISSIONS[code] == DB RolePermission (migration-built + dev verified); runtime via SecurityService.permissionsOf(DB)
ADMIN,dashboard.insights.read,GRANT,GRANT,NONE,MATCH,RBAC-parity oracle: ROLE_PERMISSIONS[code] == DB RolePermission (migration-built + dev verified); runtime via SecurityService.permissionsOf(DB)
ADMIN,dashboard.marketplace.read,GRANT,GRANT,NONE,MATCH,RBAC-parity oracle: ROLE_PERMISSIONS[code] == DB RolePermission (migration-built + dev verified); runtime via SecurityService.permissionsOf(DB)
ADMIN,dashboard.operational.read,GRANT,GRANT,NONE,MATCH,RBAC-parity oracle: ROLE_PERMISSIONS[code] == DB RolePermission (migration-built + dev verified); runtime via SecurityService.permissionsOf(DB)
ADMIN,documents.read,GRANT,GRANT,NONE,MATCH,RBAC-parity oracle: ROLE_PERMISSIONS[code] == DB RolePermission (migration-built + dev verified); runtime via SecurityService.permissionsOf(DB)
ADMIN,documents.write,GRANT,GRANT,NONE,MATCH,RBAC-parity oracle: ROLE_PERMISSIONS[code] == DB RolePermission (migration-built + dev verified); runtime via SecurityService.permissionsOf(DB)
ADMIN,finance.commission.manage,GRANT,GRANT,NONE,MATCH,RBAC-parity oracle: ROLE_PERMISSIONS[code] == DB RolePermission (migration-built + dev verified); runtime via SecurityService.permissionsOf(DB)
ADMIN,finance.commission.read,GRANT,GRANT,NONE,MATCH,RBAC-parity oracle: ROLE_PERMISSIONS[code] == DB RolePermission (migration-built + dev verified); runtime via SecurityService.permissionsOf(DB)
ADMIN,finance.commission.write,GRANT,GRANT,NONE,MATCH,RBAC-parity oracle: ROLE_PERMISSIONS[code] == DB RolePermission (migration-built + dev verified); runtime via SecurityService.permissionsOf(DB)
ADMIN,finance.currency.manage,GRANT,GRANT,NONE,MATCH,RBAC-parity oracle: ROLE_PERMISSIONS[code] == DB RolePermission (migration-built + dev verified); runtime via SecurityService.permissionsOf(DB)
ADMIN,finance.dispute.read,GRANT,GRANT,NONE,MATCH,RBAC-parity oracle: ROLE_PERMISSIONS[code] == DB RolePermission (migration-built + dev verified); runtime via SecurityService.permissionsOf(DB)
ADMIN,finance.dispute.write,GRANT,GRANT,NONE,MATCH,RBAC-parity oracle: ROLE_PERMISSIONS[code] == DB RolePermission (migration-built + dev verified); runtime via SecurityService.permissionsOf(DB)
ADMIN,finance.exchange_rate.manage,GRANT,GRANT,NONE,MATCH,RBAC-parity oracle: ROLE_PERMISSIONS[code] == DB RolePermission (migration-built + dev verified); runtime via SecurityService.permissionsOf(DB)
ADMIN,finance.invoice.read,GRANT,GRANT,NONE,MATCH,RBAC-parity oracle: ROLE_PERMISSIONS[code] == DB RolePermission (migration-built + dev verified); runtime via SecurityService.permissionsOf(DB)
ADMIN,finance.invoice.write,GRANT,GRANT,NONE,MATCH,RBAC-parity oracle: ROLE_PERMISSIONS[code] == DB RolePermission (migration-built + dev verified); runtime via SecurityService.permissionsOf(DB)
ADMIN,finance.ledger.read,GRANT,GRANT,NONE,MATCH,RBAC-parity oracle: ROLE_PERMISSIONS[code] == DB RolePermission (migration-built + dev verified); runtime via SecurityService.permissionsOf(DB)
ADMIN,finance.payment.create,GRANT,GRANT,NONE,MATCH,RBAC-parity oracle: ROLE_PERMISSIONS[code] == DB RolePermission (migration-built + dev verified); runtime via SecurityService.permissionsOf(DB)
ADMIN,finance.payment.manage,GRANT,GRANT,NONE,MATCH,RBAC-parity oracle: ROLE_PERMISSIONS[code] == DB RolePermission (migration-built + dev verified); runtime via SecurityService.permissionsOf(DB)
ADMIN,finance.payment.read,GRANT,GRANT,NONE,MATCH,RBAC-parity oracle: ROLE_PERMISSIONS[code] == DB RolePermission (migration-built + dev verified); runtime via SecurityService.permissionsOf(DB)
ADMIN,finance.payment.write,GRANT,GRANT,NONE,MATCH,RBAC-parity oracle: ROLE_PERMISSIONS[code] == DB RolePermission (migration-built + dev verified); runtime via SecurityService.permissionsOf(DB)
ADMIN,finance.payout.read,GRANT,GRANT,NONE,MATCH,RBAC-parity oracle: ROLE_PERMISSIONS[code] == DB RolePermission (migration-built + dev verified); runtime via SecurityService.permissionsOf(DB)
ADMIN,finance.provider_fee.read,GRANT,GRANT,NONE,MATCH,RBAC-parity oracle: ROLE_PERMISSIONS[code] == DB RolePermission (migration-built + dev verified); runtime via SecurityService.permissionsOf(DB)
ADMIN,finance.refund.approve,GRANT,GRANT,NONE,MATCH,RBAC-parity oracle: ROLE_PERMISSIONS[code] == DB RolePermission (migration-built + dev verified); runtime via SecurityService.permissionsOf(DB)
ADMIN,finance.refund.execute,GRANT,GRANT,NONE,MATCH,RBAC-parity oracle: ROLE_PERMISSIONS[code] == DB RolePermission (migration-built + dev verified); runtime via SecurityService.permissionsOf(DB)
ADMIN,finance.refund.read,GRANT,GRANT,NONE,MATCH,RBAC-parity oracle: ROLE_PERMISSIONS[code] == DB RolePermission (migration-built + dev verified); runtime via SecurityService.permissionsOf(DB)
ADMIN,finance.refund.write,GRANT,GRANT,NONE,MATCH,RBAC-parity oracle: ROLE_PERMISSIONS[code] == DB RolePermission (migration-built + dev verified); runtime via SecurityService.permissionsOf(DB)
ADMIN,finance.settlement.read,GRANT,GRANT,NONE,MATCH,RBAC-parity oracle: ROLE_PERMISSIONS[code] == DB RolePermission (migration-built + dev verified); runtime via SecurityService.permissionsOf(DB)
ADMIN,finance.tax.manage,GRANT,GRANT,NONE,MATCH,RBAC-parity oracle: ROLE_PERMISSIONS[code] == DB RolePermission (migration-built + dev verified); runtime via SecurityService.permissionsOf(DB)
ADMIN,marketing.attribution.manage,GRANT,GRANT,NONE,MATCH,RBAC-parity oracle: ROLE_PERMISSIONS[code] == DB RolePermission (migration-built + dev verified); runtime via SecurityService.permissionsOf(DB)
ADMIN,marketing.attribution.read,GRANT,GRANT,NONE,MATCH,RBAC-parity oracle: ROLE_PERMISSIONS[code] == DB RolePermission (migration-built + dev verified); runtime via SecurityService.permissionsOf(DB)
ADMIN,marketing.audience.manage,GRANT,GRANT,NONE,MATCH,RBAC-parity oracle: ROLE_PERMISSIONS[code] == DB RolePermission (migration-built + dev verified); runtime via SecurityService.permissionsOf(DB)
ADMIN,marketing.audience.read,GRANT,GRANT,NONE,MATCH,RBAC-parity oracle: ROLE_PERMISSIONS[code] == DB RolePermission (migration-built + dev verified); runtime via SecurityService.permissionsOf(DB)
ADMIN,marketing.campaign.create,GRANT,GRANT,NONE,MATCH,RBAC-parity oracle: ROLE_PERMISSIONS[code] == DB RolePermission (migration-built + dev verified); runtime via SecurityService.permissionsOf(DB)
ADMIN,marketing.campaign.delete,GRANT,GRANT,NONE,MATCH,RBAC-parity oracle: ROLE_PERMISSIONS[code] == DB RolePermission (migration-built + dev verified); runtime via SecurityService.permissionsOf(DB)
ADMIN,marketing.campaign.read,GRANT,GRANT,NONE,MATCH,RBAC-parity oracle: ROLE_PERMISSIONS[code] == DB RolePermission (migration-built + dev verified); runtime via SecurityService.permissionsOf(DB)
ADMIN,marketing.campaign.update,GRANT,GRANT,NONE,MATCH,RBAC-parity oracle: ROLE_PERMISSIONS[code] == DB RolePermission (migration-built + dev verified); runtime via SecurityService.permissionsOf(DB)
ADMIN,marketing.read,GRANT,GRANT,NONE,MATCH,RBAC-parity oracle: ROLE_PERMISSIONS[code] == DB RolePermission (migration-built + dev verified); runtime via SecurityService.permissionsOf(DB)
ADMIN,moderation.approve,GRANT,GRANT,NONE,MATCH,RBAC-parity oracle: ROLE_PERMISSIONS[code] == DB RolePermission (migration-built + dev verified); runtime via SecurityService.permissionsOf(DB)
ADMIN,moderation.reject,GRANT,GRANT,NONE,MATCH,RBAC-parity oracle: ROLE_PERMISSIONS[code] == DB RolePermission (migration-built + dev verified); runtime via SecurityService.permissionsOf(DB)
ADMIN,moderation.request_changes,GRANT,GRANT,NONE,MATCH,RBAC-parity oracle: ROLE_PERMISSIONS[code] == DB RolePermission (migration-built + dev verified); runtime via SecurityService.permissionsOf(DB)
ADMIN,moderation.review,GRANT,GRANT,NONE,MATCH,RBAC-parity oracle: ROLE_PERMISSIONS[code] == DB RolePermission (migration-built + dev verified); runtime via SecurityService.permissionsOf(DB)
ADMIN,operational-notes.create,GRANT,GRANT,NONE,MATCH,RBAC-parity oracle: ROLE_PERMISSIONS[code] == DB RolePermission (migration-built + dev verified); runtime via SecurityService.permissionsOf(DB)
ADMIN,operational-notes.delete,GRANT,GRANT,NONE,MATCH,RBAC-parity oracle: ROLE_PERMISSIONS[code] == DB RolePermission (migration-built + dev verified); runtime via SecurityService.permissionsOf(DB)
ADMIN,operational-notes.read,GRANT,GRANT,NONE,MATCH,RBAC-parity oracle: ROLE_PERMISSIONS[code] == DB RolePermission (migration-built + dev verified); runtime via SecurityService.permissionsOf(DB)
ADMIN,operational-notes.update,GRANT,GRANT,NONE,MATCH,RBAC-parity oracle: ROLE_PERMISSIONS[code] == DB RolePermission (migration-built + dev verified); runtime via SecurityService.permissionsOf(DB)
ADMIN,order.accept,GRANT,GRANT,NONE,MATCH,RBAC-parity oracle: ROLE_PERMISSIONS[code] == DB RolePermission (migration-built + dev verified); runtime via SecurityService.permissionsOf(DB)
ADMIN,order.cancel,GRANT,GRANT,NONE,MATCH,RBAC-parity oracle: ROLE_PERMISSIONS[code] == DB RolePermission (migration-built + dev verified); runtime via SecurityService.permissionsOf(DB)
ADMIN,order.close,GRANT,GRANT,NONE,MATCH,RBAC-parity oracle: ROLE_PERMISSIONS[code] == DB RolePermission (migration-built + dev verified); runtime via SecurityService.permissionsOf(DB)
ADMIN,order.edit_noncritical,GRANT,GRANT,NONE,MATCH,RBAC-parity oracle: ROLE_PERMISSIONS[code] == DB RolePermission (migration-built + dev verified); runtime via SecurityService.permissionsOf(DB)
ADMIN,order.read,GRANT,GRANT,NONE,MATCH,RBAC-parity oracle: ROLE_PERMISSIONS[code] == DB RolePermission (migration-built + dev verified); runtime via SecurityService.permissionsOf(DB)
ADMIN,order.request_booking,GRANT,GRANT,NONE,MATCH,RBAC-parity oracle: ROLE_PERMISSIONS[code] == DB RolePermission (migration-built + dev verified); runtime via SecurityService.permissionsOf(DB)
ADMIN,order.suspend,GRANT,GRANT,NONE,MATCH,RBAC-parity oracle: ROLE_PERMISSIONS[code] == DB RolePermission (migration-built + dev verified); runtime via SecurityService.permissionsOf(DB)
ADMIN,partner.onboarding.read_own,GRANT,GRANT,NONE,MATCH,RBAC-parity oracle: ROLE_PERMISSIONS[code] == DB RolePermission (migration-built + dev verified); runtime via SecurityService.permissionsOf(DB)
ADMIN,partner.onboarding.review,GRANT,GRANT,NONE,MATCH,RBAC-parity oracle: ROLE_PERMISSIONS[code] == DB RolePermission (migration-built + dev verified); runtime via SecurityService.permissionsOf(DB)
ADMIN,partner.onboarding.submit_own,GRANT,GRANT,NONE,MATCH,RBAC-parity oracle: ROLE_PERMISSIONS[code] == DB RolePermission (migration-built + dev verified); runtime via SecurityService.permissionsOf(DB)
ADMIN,partner.onboarding.update_own,GRANT,GRANT,NONE,MATCH,RBAC-parity oracle: ROLE_PERMISSIONS[code] == DB RolePermission (migration-built + dev verified); runtime via SecurityService.permissionsOf(DB)
ADMIN,reports.read,GRANT,GRANT,NONE,MATCH,RBAC-parity oracle: ROLE_PERMISSIONS[code] == DB RolePermission (migration-built + dev verified); runtime via SecurityService.permissionsOf(DB)
ADMIN,reverse.capability.read_own,GRANT,GRANT,NONE,MATCH,RBAC-parity oracle: ROLE_PERMISSIONS[code] == DB RolePermission (migration-built + dev verified); runtime via SecurityService.permissionsOf(DB)
ADMIN,reverse.capability.write_own,GRANT,GRANT,NONE,MATCH,RBAC-parity oracle: ROLE_PERMISSIONS[code] == DB RolePermission (migration-built + dev verified); runtime via SecurityService.permissionsOf(DB)
ADMIN,reverse.distribution.read_own,GRANT,GRANT,NONE,MATCH,RBAC-parity oracle: ROLE_PERMISSIONS[code] == DB RolePermission (migration-built + dev verified); runtime via SecurityService.permissionsOf(DB)
ADMIN,reverse.match.run,GRANT,GRANT,NONE,MATCH,RBAC-parity oracle: ROLE_PERMISSIONS[code] == DB RolePermission (migration-built + dev verified); runtime via SecurityService.permissionsOf(DB)
ADMIN,reverse.proposal.read_own,GRANT,GRANT,NONE,MATCH,RBAC-parity oracle: ROLE_PERMISSIONS[code] == DB RolePermission (migration-built + dev verified); runtime via SecurityService.permissionsOf(DB)
ADMIN,reverse.proposal.select_own,GRANT,GRANT,NONE,MATCH,RBAC-parity oracle: ROLE_PERMISSIONS[code] == DB RolePermission (migration-built + dev verified); runtime via SecurityService.permissionsOf(DB)
ADMIN,reverse.proposal.write_own,GRANT,GRANT,NONE,MATCH,RBAC-parity oracle: ROLE_PERMISSIONS[code] == DB RolePermission (migration-built + dev verified); runtime via SecurityService.permissionsOf(DB)
ADMIN,reverse.request.read_own,GRANT,GRANT,NONE,MATCH,RBAC-parity oracle: ROLE_PERMISSIONS[code] == DB RolePermission (migration-built + dev verified); runtime via SecurityService.permissionsOf(DB)
ADMIN,reverse.request.write_own,GRANT,GRANT,NONE,MATCH,RBAC-parity oracle: ROLE_PERMISSIONS[code] == DB RolePermission (migration-built + dev verified); runtime via SecurityService.permissionsOf(DB)
ADMIN,sales.checkout.read,GRANT,GRANT,NONE,MATCH,RBAC-parity oracle: ROLE_PERMISSIONS[code] == DB RolePermission (migration-built + dev verified); runtime via SecurityService.permissionsOf(DB)
ADMIN,sales.checkout.write,GRANT,GRANT,NONE,MATCH,RBAC-parity oracle: ROLE_PERMISSIONS[code] == DB RolePermission (migration-built + dev verified); runtime via SecurityService.permissionsOf(DB)
ADMIN,sales.kpi.read,GRANT,GRANT,NONE,MATCH,RBAC-parity oracle: ROLE_PERMISSIONS[code] == DB RolePermission (migration-built + dev verified); runtime via SecurityService.permissionsOf(DB)
ADMIN,sales.lead.read,GRANT,GRANT,NONE,MATCH,RBAC-parity oracle: ROLE_PERMISSIONS[code] == DB RolePermission (migration-built + dev verified); runtime via SecurityService.permissionsOf(DB)
ADMIN,sales.lead.write,GRANT,GRANT,NONE,MATCH,RBAC-parity oracle: ROLE_PERMISSIONS[code] == DB RolePermission (migration-built + dev verified); runtime via SecurityService.permissionsOf(DB)
ADMIN,sales.opportunity.read,GRANT,GRANT,NONE,MATCH,RBAC-parity oracle: ROLE_PERMISSIONS[code] == DB RolePermission (migration-built + dev verified); runtime via SecurityService.permissionsOf(DB)
ADMIN,sales.opportunity.write,GRANT,GRANT,NONE,MATCH,RBAC-parity oracle: ROLE_PERMISSIONS[code] == DB RolePermission (migration-built + dev verified); runtime via SecurityService.permissionsOf(DB)
ADMIN,sales.quote.approve,GRANT,GRANT,NONE,MATCH,RBAC-parity oracle: ROLE_PERMISSIONS[code] == DB RolePermission (migration-built + dev verified); runtime via SecurityService.permissionsOf(DB)
ADMIN,sales.quote.read,GRANT,GRANT,NONE,MATCH,RBAC-parity oracle: ROLE_PERMISSIONS[code] == DB RolePermission (migration-built + dev verified); runtime via SecurityService.permissionsOf(DB)
ADMIN,sales.quote.write,GRANT,GRANT,NONE,MATCH,RBAC-parity oracle: ROLE_PERMISSIONS[code] == DB RolePermission (migration-built + dev verified); runtime via SecurityService.permissionsOf(DB)
ADMIN,sales.sale.complete,GRANT,GRANT,NONE,MATCH,RBAC-parity oracle: ROLE_PERMISSIONS[code] == DB RolePermission (migration-built + dev verified); runtime via SecurityService.permissionsOf(DB)
ADMIN,sales.sale.read,GRANT,GRANT,NONE,MATCH,RBAC-parity oracle: ROLE_PERMISSIONS[code] == DB RolePermission (migration-built + dev verified); runtime via SecurityService.permissionsOf(DB)
ADMIN,sales.sale.write,GRANT,GRANT,NONE,MATCH,RBAC-parity oracle: ROLE_PERMISSIONS[code] == DB RolePermission (migration-built + dev verified); runtime via SecurityService.permissionsOf(DB)
ADMIN,seller_public_profile.approve_alias,GRANT,GRANT,NONE,MATCH,RBAC-parity oracle: ROLE_PERMISSIONS[code] == DB RolePermission (migration-built + dev verified); runtime via SecurityService.permissionsOf(DB)
ADMIN,seller_public_profile.approve_brand,GRANT,GRANT,NONE,MATCH,RBAC-parity oracle: ROLE_PERMISSIONS[code] == DB RolePermission (migration-built + dev verified); runtime via SecurityService.permissionsOf(DB)
ADMIN,seller_public_profile.hide_identity,GRANT,GRANT,NONE,MATCH,RBAC-parity oracle: ROLE_PERMISSIONS[code] == DB RolePermission (migration-built + dev verified); runtime via SecurityService.permissionsOf(DB)
ADMIN,seller_public_profile.propose,GRANT,GRANT,NONE,MATCH,RBAC-parity oracle: ROLE_PERMISSIONS[code] == DB RolePermission (migration-built + dev verified); runtime via SecurityService.permissionsOf(DB)
ADMIN,seller_public_profile.read_own,GRANT,GRANT,NONE,MATCH,RBAC-parity oracle: ROLE_PERMISSIONS[code] == DB RolePermission (migration-built + dev verified); runtime via SecurityService.permissionsOf(DB)
ADMIN,seller_public_profile.request_changes,GRANT,GRANT,NONE,MATCH,RBAC-parity oracle: ROLE_PERMISSIONS[code] == DB RolePermission (migration-built + dev verified); runtime via SecurityService.permissionsOf(DB)
ADMIN,seller_public_profile.review,GRANT,GRANT,NONE,MATCH,RBAC-parity oracle: ROLE_PERMISSIONS[code] == DB RolePermission (migration-built + dev verified); runtime via SecurityService.permissionsOf(DB)
ADMIN,settings.read,GRANT,GRANT,NONE,MATCH,RBAC-parity oracle: ROLE_PERMISSIONS[code] == DB RolePermission (migration-built + dev verified); runtime via SecurityService.permissionsOf(DB)
ADMIN,settings.write,GRANT,GRANT,NONE,MATCH,RBAC-parity oracle: ROLE_PERMISSIONS[code] == DB RolePermission (migration-built + dev verified); runtime via SecurityService.permissionsOf(DB)
ADMIN,storefront.activate_own,GRANT,GRANT,NONE,MATCH,RBAC-parity oracle: ROLE_PERMISSIONS[code] == DB RolePermission (migration-built + dev verified); runtime via SecurityService.permissionsOf(DB)
ADMIN,storefront.create_own,GRANT,GRANT,NONE,MATCH,RBAC-parity oracle: ROLE_PERMISSIONS[code] == DB RolePermission (migration-built + dev verified); runtime via SecurityService.permissionsOf(DB)
ADMIN,storefront.entitlement.manage,GRANT,GRANT,NONE,MATCH,RBAC-parity oracle: ROLE_PERMISSIONS[code] == DB RolePermission (migration-built + dev verified); runtime via SecurityService.permissionsOf(DB)
ADMIN,storefront.read_own,GRANT,GRANT,NONE,MATCH,RBAC-parity oracle: ROLE_PERMISSIONS[code] == DB RolePermission (migration-built + dev verified); runtime via SecurityService.permissionsOf(DB)
ADMIN,storefront.update_own,GRANT,GRANT,NONE,MATCH,RBAC-parity oracle: ROLE_PERMISSIONS[code] == DB RolePermission (migration-built + dev verified); runtime via SecurityService.permissionsOf(DB)
ADMIN,support.case.assign,GRANT,GRANT,NONE,MATCH,RBAC-parity oracle: ROLE_PERMISSIONS[code] == DB RolePermission (migration-built + dev verified); runtime via SecurityService.permissionsOf(DB)
ADMIN,support.case.create,GRANT,GRANT,NONE,MATCH,RBAC-parity oracle: ROLE_PERMISSIONS[code] == DB RolePermission (migration-built + dev verified); runtime via SecurityService.permissionsOf(DB)
ADMIN,support.case.delete,GRANT,GRANT,NONE,MATCH,RBAC-parity oracle: ROLE_PERMISSIONS[code] == DB RolePermission (migration-built + dev verified); runtime via SecurityService.permissionsOf(DB)
ADMIN,support.case.read,GRANT,GRANT,NONE,MATCH,RBAC-parity oracle: ROLE_PERMISSIONS[code] == DB RolePermission (migration-built + dev verified); runtime via SecurityService.permissionsOf(DB)
ADMIN,support.case.update,GRANT,GRANT,NONE,MATCH,RBAC-parity oracle: ROLE_PERMISSIONS[code] == DB RolePermission (migration-built + dev verified); runtime via SecurityService.permissionsOf(DB)
ADMIN,support.read,GRANT,GRANT,NONE,MATCH,RBAC-parity oracle: ROLE_PERMISSIONS[code] == DB RolePermission (migration-built + dev verified); runtime via SecurityService.permissionsOf(DB)
ADMIN,support.write,GRANT,GRANT,NONE,MATCH,RBAC-parity oracle: ROLE_PERMISSIONS[code] == DB RolePermission (migration-built + dev verified); runtime via SecurityService.permissionsOf(DB)
DIRECTOR,account.booking.read_own,DENY,DENY,NONE,MATCH,RBAC-parity oracle: ROLE_PERMISSIONS[code] == DB RolePermission (migration-built + dev verified); runtime via SecurityService.permissionsOf(DB)
DIRECTOR,account.document.read_own,DENY,DENY,NONE,MATCH,RBAC-parity oracle: ROLE_PERMISSIONS[code] == DB RolePermission (migration-built + dev verified); runtime via SecurityService.permissionsOf(DB)
DIRECTOR,account.order.read_own,DENY,DENY,NONE,MATCH,RBAC-parity oracle: ROLE_PERMISSIONS[code] == DB RolePermission (migration-built + dev verified); runtime via SecurityService.permissionsOf(DB)
DIRECTOR,account.payment.read_own,DENY,DENY,NONE,MATCH,RBAC-parity oracle: ROLE_PERMISSIONS[code] == DB RolePermission (migration-built + dev verified); runtime via SecurityService.permissionsOf(DB)
DIRECTOR,account.profile.read,GRANT,GRANT,NONE,MATCH,RBAC-parity oracle: ROLE_PERMISSIONS[code] == DB RolePermission (migration-built + dev verified); runtime via SecurityService.permissionsOf(DB)
DIRECTOR,account.profile.update,GRANT,GRANT,NONE,MATCH,RBAC-parity oracle: ROLE_PERMISSIONS[code] == DB RolePermission (migration-built + dev verified); runtime via SecurityService.permissionsOf(DB)
DIRECTOR,account.support.read_own,DENY,DENY,NONE,MATCH,RBAC-parity oracle: ROLE_PERMISSIONS[code] == DB RolePermission (migration-built + dev verified); runtime via SecurityService.permissionsOf(DB)
DIRECTOR,analytics.read,GRANT,GRANT,NONE,MATCH,RBAC-parity oracle: ROLE_PERMISSIONS[code] == DB RolePermission (migration-built + dev verified); runtime via SecurityService.permissionsOf(DB)
DIRECTOR,audit.read,GRANT,GRANT,NONE,MATCH,RBAC-parity oracle: ROLE_PERMISSIONS[code] == DB RolePermission (migration-built + dev verified); runtime via SecurityService.permissionsOf(DB)
DIRECTOR,booking.cancel,DENY,DENY,NONE,MATCH,RBAC-parity oracle: ROLE_PERMISSIONS[code] == DB RolePermission (migration-built + dev verified); runtime via SecurityService.permissionsOf(DB)
DIRECTOR,booking.confirm,DENY,DENY,NONE,MATCH,RBAC-parity oracle: ROLE_PERMISSIONS[code] == DB RolePermission (migration-built + dev verified); runtime via SecurityService.permissionsOf(DB)
DIRECTOR,booking.read,GRANT,GRANT,NONE,MATCH,RBAC-parity oracle: ROLE_PERMISSIONS[code] == DB RolePermission (migration-built + dev verified); runtime via SecurityService.permissionsOf(DB)
DIRECTOR,booking.request_change,DENY,DENY,NONE,MATCH,RBAC-parity oracle: ROLE_PERMISSIONS[code] == DB RolePermission (migration-built + dev verified); runtime via SecurityService.permissionsOf(DB)
DIRECTOR,booking.send_supplier,DENY,DENY,NONE,MATCH,RBAC-parity oracle: ROLE_PERMISSIONS[code] == DB RolePermission (migration-built + dev verified); runtime via SecurityService.permissionsOf(DB)
DIRECTOR,catalog.availability.write,DENY,DENY,NONE,MATCH,RBAC-parity oracle: ROLE_PERMISSIONS[code] == DB RolePermission (migration-built + dev verified); runtime via SecurityService.permissionsOf(DB)
DIRECTOR,catalog.category.write,DENY,DENY,NONE,MATCH,RBAC-parity oracle: ROLE_PERMISSIONS[code] == DB RolePermission (migration-built + dev verified); runtime via SecurityService.permissionsOf(DB)
DIRECTOR,catalog.category_schema.read,GRANT,GRANT,NONE,MATCH,RBAC-parity oracle: ROLE_PERMISSIONS[code] == DB RolePermission (migration-built + dev verified); runtime via SecurityService.permissionsOf(DB)
DIRECTOR,catalog.category_schema.read_active_for_product_edit,DENY,DENY,NONE,MATCH,RBAC-parity oracle: ROLE_PERMISSIONS[code] == DB RolePermission (migration-built + dev verified); runtime via SecurityService.permissionsOf(DB)
DIRECTOR,catalog.category_schema.write,DENY,DENY,NONE,MATCH,RBAC-parity oracle: ROLE_PERMISSIONS[code] == DB RolePermission (migration-built + dev verified); runtime via SecurityService.permissionsOf(DB)
DIRECTOR,catalog.media.delete_own,DENY,DENY,NONE,MATCH,RBAC-parity oracle: ROLE_PERMISSIONS[code] == DB RolePermission (migration-built + dev verified); runtime via SecurityService.permissionsOf(DB)
DIRECTOR,catalog.media.read_for_moderation,DENY,DENY,NONE,MATCH,RBAC-parity oracle: ROLE_PERMISSIONS[code] == DB RolePermission (migration-built + dev verified); runtime via SecurityService.permissionsOf(DB)
DIRECTOR,catalog.media.reorder_own,DENY,DENY,NONE,MATCH,RBAC-parity oracle: ROLE_PERMISSIONS[code] == DB RolePermission (migration-built + dev verified); runtime via SecurityService.permissionsOf(DB)
DIRECTOR,catalog.media.set_primary_own,DENY,DENY,NONE,MATCH,RBAC-parity oracle: ROLE_PERMISSIONS[code] == DB RolePermission (migration-built + dev verified); runtime via SecurityService.permissionsOf(DB)
DIRECTOR,catalog.media.update_own,DENY,DENY,NONE,MATCH,RBAC-parity oracle: ROLE_PERMISSIONS[code] == DB RolePermission (migration-built + dev verified); runtime via SecurityService.permissionsOf(DB)
DIRECTOR,catalog.media.upload_own,DENY,DENY,NONE,MATCH,RBAC-parity oracle: ROLE_PERMISSIONS[code] == DB RolePermission (migration-built + dev verified); runtime via SecurityService.permissionsOf(DB)
DIRECTOR,catalog.product.channels_own,DENY,DENY,NONE,MATCH,RBAC-parity oracle: ROLE_PERMISSIONS[code] == DB RolePermission (migration-built + dev verified); runtime via SecurityService.permissionsOf(DB)
DIRECTOR,catalog.product.create_own,DENY,DENY,NONE,MATCH,RBAC-parity oracle: ROLE_PERMISSIONS[code] == DB RolePermission (migration-built + dev verified); runtime via SecurityService.permissionsOf(DB)
DIRECTOR,catalog.product.publish,DENY,DENY,NONE,MATCH,RBAC-parity oracle: ROLE_PERMISSIONS[code] == DB RolePermission (migration-built + dev verified); runtime via SecurityService.permissionsOf(DB)
DIRECTOR,catalog.product.read,GRANT,GRANT,NONE,MATCH,RBAC-parity oracle: ROLE_PERMISSIONS[code] == DB RolePermission (migration-built + dev verified); runtime via SecurityService.permissionsOf(DB)
DIRECTOR,catalog.product.read_for_moderation,DENY,DENY,NONE,MATCH,RBAC-parity oracle: ROLE_PERMISSIONS[code] == DB RolePermission (migration-built + dev verified); runtime via SecurityService.permissionsOf(DB)
DIRECTOR,catalog.product.read_own,DENY,DENY,NONE,MATCH,RBAC-parity oracle: ROLE_PERMISSIONS[code] == DB RolePermission (migration-built + dev verified); runtime via SecurityService.permissionsOf(DB)
DIRECTOR,catalog.product.submit_moderation,DENY,DENY,NONE,MATCH,RBAC-parity oracle: ROLE_PERMISSIONS[code] == DB RolePermission (migration-built + dev verified); runtime via SecurityService.permissionsOf(DB)
DIRECTOR,catalog.product.update_own_draft,DENY,DENY,NONE,MATCH,RBAC-parity oracle: ROLE_PERMISSIONS[code] == DB RolePermission (migration-built + dev verified); runtime via SecurityService.permissionsOf(DB)
DIRECTOR,catalog.product.write,DENY,DENY,NONE,MATCH,RBAC-parity oracle: ROLE_PERMISSIONS[code] == DB RolePermission (migration-built + dev verified); runtime via SecurityService.permissionsOf(DB)
DIRECTOR,catalog.rate_plan.publish,DENY,DENY,NONE,MATCH,RBAC-parity oracle: ROLE_PERMISSIONS[code] == DB RolePermission (migration-built + dev verified); runtime via SecurityService.permissionsOf(DB)
DIRECTOR,catalog.service_unit.publish,DENY,DENY,NONE,MATCH,RBAC-parity oracle: ROLE_PERMISSIONS[code] == DB RolePermission (migration-built + dev verified); runtime via SecurityService.permissionsOf(DB)
DIRECTOR,communication.create,DENY,DENY,NONE,MATCH,RBAC-parity oracle: ROLE_PERMISSIONS[code] == DB RolePermission (migration-built + dev verified); runtime via SecurityService.permissionsOf(DB)
DIRECTOR,communication.read,GRANT,GRANT,NONE,MATCH,RBAC-parity oracle: ROLE_PERMISSIONS[code] == DB RolePermission (migration-built + dev verified); runtime via SecurityService.permissionsOf(DB)
DIRECTOR,communication.read_own,DENY,DENY,NONE,MATCH,RBAC-parity oracle: ROLE_PERMISSIONS[code] == DB RolePermission (migration-built + dev verified); runtime via SecurityService.permissionsOf(DB)
DIRECTOR,communication.write_own,DENY,DENY,NONE,MATCH,RBAC-parity oracle: ROLE_PERMISSIONS[code] == DB RolePermission (migration-built + dev verified); runtime via SecurityService.permissionsOf(DB)
DIRECTOR,crm.activity.read,GRANT,GRANT,NONE,MATCH,RBAC-parity oracle: ROLE_PERMISSIONS[code] == DB RolePermission (migration-built + dev verified); runtime via SecurityService.permissionsOf(DB)
DIRECTOR,crm.company.write,DENY,DENY,NONE,MATCH,RBAC-parity oracle: ROLE_PERMISSIONS[code] == DB RolePermission (migration-built + dev verified); runtime via SecurityService.permissionsOf(DB)
DIRECTOR,crm.contact.write,DENY,DENY,NONE,MATCH,RBAC-parity oracle: ROLE_PERMISSIONS[code] == DB RolePermission (migration-built + dev verified); runtime via SecurityService.permissionsOf(DB)
DIRECTOR,crm.customer.create_own,DENY,DENY,NONE,MATCH,RBAC-parity oracle: ROLE_PERMISSIONS[code] == DB RolePermission (migration-built + dev verified); runtime via SecurityService.permissionsOf(DB)
DIRECTOR,crm.customer.read,GRANT,GRANT,NONE,MATCH,RBAC-parity oracle: ROLE_PERMISSIONS[code] == DB RolePermission (migration-built + dev verified); runtime via SecurityService.permissionsOf(DB)
DIRECTOR,crm.customer.read_own,DENY,DENY,NONE,MATCH,RBAC-parity oracle: ROLE_PERMISSIONS[code] == DB RolePermission (migration-built + dev verified); runtime via SecurityService.permissionsOf(DB)
DIRECTOR,crm.customer.update_own,DENY,DENY,NONE,MATCH,RBAC-parity oracle: ROLE_PERMISSIONS[code] == DB RolePermission (migration-built + dev verified); runtime via SecurityService.permissionsOf(DB)
DIRECTOR,crm.customer.write,DENY,DENY,NONE,MATCH,RBAC-parity oracle: ROLE_PERMISSIONS[code] == DB RolePermission (migration-built + dev verified); runtime via SecurityService.permissionsOf(DB)
DIRECTOR,crm.partner.read,GRANT,GRANT,NONE,MATCH,RBAC-parity oracle: ROLE_PERMISSIONS[code] == DB RolePermission (migration-built + dev verified); runtime via SecurityService.permissionsOf(DB)
DIRECTOR,crm.partner.write,DENY,DENY,NONE,MATCH,RBAC-parity oracle: ROLE_PERMISSIONS[code] == DB RolePermission (migration-built + dev verified); runtime via SecurityService.permissionsOf(DB)
DIRECTOR,crm.supplier.write,DENY,DENY,NONE,MATCH,RBAC-parity oracle: ROLE_PERMISSIONS[code] == DB RolePermission (migration-built + dev verified); runtime via SecurityService.permissionsOf(DB)
DIRECTOR,dashboard.attention.read,GRANT,GRANT,NONE,MATCH,RBAC-parity oracle: ROLE_PERMISSIONS[code] == DB RolePermission (migration-built + dev verified); runtime via SecurityService.permissionsOf(DB)
DIRECTOR,dashboard.catalog.read,GRANT,GRANT,NONE,MATCH,RBAC-parity oracle: ROLE_PERMISSIONS[code] == DB RolePermission (migration-built + dev verified); runtime via SecurityService.permissionsOf(DB)
DIRECTOR,dashboard.channels.read,GRANT,GRANT,NONE,MATCH,RBAC-parity oracle: ROLE_PERMISSIONS[code] == DB RolePermission (migration-built + dev verified); runtime via SecurityService.permissionsOf(DB)
DIRECTOR,dashboard.customize,GRANT,GRANT,NONE,MATCH,RBAC-parity oracle: ROLE_PERMISSIONS[code] == DB RolePermission (migration-built + dev verified); runtime via SecurityService.permissionsOf(DB)
DIRECTOR,dashboard.executive.read,GRANT,GRANT,NONE,MATCH,RBAC-parity oracle: ROLE_PERMISSIONS[code] == DB RolePermission (migration-built + dev verified); runtime via SecurityService.permissionsOf(DB)
DIRECTOR,dashboard.financial.read,GRANT,GRANT,NONE,MATCH,RBAC-parity oracle: ROLE_PERMISSIONS[code] == DB RolePermission (migration-built + dev verified); runtime via SecurityService.permissionsOf(DB)
DIRECTOR,dashboard.insights.read,GRANT,GRANT,NONE,MATCH,RBAC-parity oracle: ROLE_PERMISSIONS[code] == DB RolePermission (migration-built + dev verified); runtime via SecurityService.permissionsOf(DB)
DIRECTOR,dashboard.marketplace.read,GRANT,GRANT,NONE,MATCH,RBAC-parity oracle: ROLE_PERMISSIONS[code] == DB RolePermission (migration-built + dev verified); runtime via SecurityService.permissionsOf(DB)
DIRECTOR,dashboard.operational.read,GRANT,GRANT,NONE,MATCH,RBAC-parity oracle: ROLE_PERMISSIONS[code] == DB RolePermission (migration-built + dev verified); runtime via SecurityService.permissionsOf(DB)
DIRECTOR,documents.read,GRANT,GRANT,NONE,MATCH,RBAC-parity oracle: ROLE_PERMISSIONS[code] == DB RolePermission (migration-built + dev verified); runtime via SecurityService.permissionsOf(DB)
DIRECTOR,documents.write,DENY,DENY,NONE,MATCH,RBAC-parity oracle: ROLE_PERMISSIONS[code] == DB RolePermission (migration-built + dev verified); runtime via SecurityService.permissionsOf(DB)
DIRECTOR,finance.commission.manage,DENY,DENY,NONE,MATCH,RBAC-parity oracle: ROLE_PERMISSIONS[code] == DB RolePermission (migration-built + dev verified); runtime via SecurityService.permissionsOf(DB)
DIRECTOR,finance.commission.read,GRANT,GRANT,NONE,MATCH,RBAC-parity oracle: ROLE_PERMISSIONS[code] == DB RolePermission (migration-built + dev verified); runtime via SecurityService.permissionsOf(DB)
DIRECTOR,finance.commission.write,DENY,DENY,NONE,MATCH,RBAC-parity oracle: ROLE_PERMISSIONS[code] == DB RolePermission (migration-built + dev verified); runtime via SecurityService.permissionsOf(DB)
DIRECTOR,finance.currency.manage,DENY,DENY,NONE,MATCH,RBAC-parity oracle: ROLE_PERMISSIONS[code] == DB RolePermission (migration-built + dev verified); runtime via SecurityService.permissionsOf(DB)
DIRECTOR,finance.dispute.read,GRANT,GRANT,NONE,MATCH,RBAC-parity oracle: ROLE_PERMISSIONS[code] == DB RolePermission (migration-built + dev verified); runtime via SecurityService.permissionsOf(DB)
DIRECTOR,finance.dispute.write,DENY,DENY,NONE,MATCH,RBAC-parity oracle: ROLE_PERMISSIONS[code] == DB RolePermission (migration-built + dev verified); runtime via SecurityService.permissionsOf(DB)
DIRECTOR,finance.exchange_rate.manage,DENY,DENY,NONE,MATCH,RBAC-parity oracle: ROLE_PERMISSIONS[code] == DB RolePermission (migration-built + dev verified); runtime via SecurityService.permissionsOf(DB)
DIRECTOR,finance.invoice.read,GRANT,GRANT,NONE,MATCH,RBAC-parity oracle: ROLE_PERMISSIONS[code] == DB RolePermission (migration-built + dev verified); runtime via SecurityService.permissionsOf(DB)
DIRECTOR,finance.invoice.write,DENY,DENY,NONE,MATCH,RBAC-parity oracle: ROLE_PERMISSIONS[code] == DB RolePermission (migration-built + dev verified); runtime via SecurityService.permissionsOf(DB)
DIRECTOR,finance.ledger.read,GRANT,GRANT,NONE,MATCH,RBAC-parity oracle: ROLE_PERMISSIONS[code] == DB RolePermission (migration-built + dev verified); runtime via SecurityService.permissionsOf(DB)
DIRECTOR,finance.payment.create,DENY,DENY,NONE,MATCH,RBAC-parity oracle: ROLE_PERMISSIONS[code] == DB RolePermission (migration-built + dev verified); runtime via SecurityService.permissionsOf(DB)
DIRECTOR,finance.payment.manage,DENY,DENY,NONE,MATCH,RBAC-parity oracle: ROLE_PERMISSIONS[code] == DB RolePermission (migration-built + dev verified); runtime via SecurityService.permissionsOf(DB)
DIRECTOR,finance.payment.read,GRANT,GRANT,NONE,MATCH,RBAC-parity oracle: ROLE_PERMISSIONS[code] == DB RolePermission (migration-built + dev verified); runtime via SecurityService.permissionsOf(DB)
DIRECTOR,finance.payment.write,DENY,DENY,NONE,MATCH,RBAC-parity oracle: ROLE_PERMISSIONS[code] == DB RolePermission (migration-built + dev verified); runtime via SecurityService.permissionsOf(DB)
DIRECTOR,finance.payout.read,GRANT,GRANT,NONE,MATCH,RBAC-parity oracle: ROLE_PERMISSIONS[code] == DB RolePermission (migration-built + dev verified); runtime via SecurityService.permissionsOf(DB)
DIRECTOR,finance.provider_fee.read,GRANT,GRANT,NONE,MATCH,RBAC-parity oracle: ROLE_PERMISSIONS[code] == DB RolePermission (migration-built + dev verified); runtime via SecurityService.permissionsOf(DB)
DIRECTOR,finance.refund.approve,DENY,DENY,NONE,MATCH,RBAC-parity oracle: ROLE_PERMISSIONS[code] == DB RolePermission (migration-built + dev verified); runtime via SecurityService.permissionsOf(DB)
DIRECTOR,finance.refund.execute,DENY,DENY,NONE,MATCH,RBAC-parity oracle: ROLE_PERMISSIONS[code] == DB RolePermission (migration-built + dev verified); runtime via SecurityService.permissionsOf(DB)
DIRECTOR,finance.refund.read,GRANT,GRANT,NONE,MATCH,RBAC-parity oracle: ROLE_PERMISSIONS[code] == DB RolePermission (migration-built + dev verified); runtime via SecurityService.permissionsOf(DB)
DIRECTOR,finance.refund.write,DENY,DENY,NONE,MATCH,RBAC-parity oracle: ROLE_PERMISSIONS[code] == DB RolePermission (migration-built + dev verified); runtime via SecurityService.permissionsOf(DB)
DIRECTOR,finance.settlement.read,GRANT,GRANT,NONE,MATCH,RBAC-parity oracle: ROLE_PERMISSIONS[code] == DB RolePermission (migration-built + dev verified); runtime via SecurityService.permissionsOf(DB)
DIRECTOR,finance.tax.manage,DENY,DENY,NONE,MATCH,RBAC-parity oracle: ROLE_PERMISSIONS[code] == DB RolePermission (migration-built + dev verified); runtime via SecurityService.permissionsOf(DB)
DIRECTOR,marketing.attribution.manage,GRANT,GRANT,NONE,MATCH,RBAC-parity oracle: ROLE_PERMISSIONS[code] == DB RolePermission (migration-built + dev verified); runtime via SecurityService.permissionsOf(DB)
DIRECTOR,marketing.attribution.read,GRANT,GRANT,NONE,MATCH,RBAC-parity oracle: ROLE_PERMISSIONS[code] == DB RolePermission (migration-built + dev verified); runtime via SecurityService.permissionsOf(DB)
DIRECTOR,marketing.audience.manage,GRANT,GRANT,NONE,MATCH,RBAC-parity oracle: ROLE_PERMISSIONS[code] == DB RolePermission (migration-built + dev verified); runtime via SecurityService.permissionsOf(DB)
DIRECTOR,marketing.audience.read,GRANT,GRANT,NONE,MATCH,RBAC-parity oracle: ROLE_PERMISSIONS[code] == DB RolePermission (migration-built + dev verified); runtime via SecurityService.permissionsOf(DB)
DIRECTOR,marketing.campaign.create,GRANT,GRANT,NONE,MATCH,RBAC-parity oracle: ROLE_PERMISSIONS[code] == DB RolePermission (migration-built + dev verified); runtime via SecurityService.permissionsOf(DB)
DIRECTOR,marketing.campaign.delete,GRANT,GRANT,NONE,MATCH,RBAC-parity oracle: ROLE_PERMISSIONS[code] == DB RolePermission (migration-built + dev verified); runtime via SecurityService.permissionsOf(DB)
DIRECTOR,marketing.campaign.read,GRANT,GRANT,NONE,MATCH,RBAC-parity oracle: ROLE_PERMISSIONS[code] == DB RolePermission (migration-built + dev verified); runtime via SecurityService.permissionsOf(DB)
DIRECTOR,marketing.campaign.update,GRANT,GRANT,NONE,MATCH,RBAC-parity oracle: ROLE_PERMISSIONS[code] == DB RolePermission (migration-built + dev verified); runtime via SecurityService.permissionsOf(DB)
DIRECTOR,marketing.read,GRANT,GRANT,NONE,MATCH,RBAC-parity oracle: ROLE_PERMISSIONS[code] == DB RolePermission (migration-built + dev verified); runtime via SecurityService.permissionsOf(DB)
DIRECTOR,moderation.approve,DENY,DENY,NONE,MATCH,RBAC-parity oracle: ROLE_PERMISSIONS[code] == DB RolePermission (migration-built + dev verified); runtime via SecurityService.permissionsOf(DB)
DIRECTOR,moderation.reject,DENY,DENY,NONE,MATCH,RBAC-parity oracle: ROLE_PERMISSIONS[code] == DB RolePermission (migration-built + dev verified); runtime via SecurityService.permissionsOf(DB)
DIRECTOR,moderation.request_changes,DENY,DENY,NONE,MATCH,RBAC-parity oracle: ROLE_PERMISSIONS[code] == DB RolePermission (migration-built + dev verified); runtime via SecurityService.permissionsOf(DB)
DIRECTOR,moderation.review,DENY,DENY,NONE,MATCH,RBAC-parity oracle: ROLE_PERMISSIONS[code] == DB RolePermission (migration-built + dev verified); runtime via SecurityService.permissionsOf(DB)
DIRECTOR,operational-notes.create,DENY,DENY,NONE,MATCH,RBAC-parity oracle: ROLE_PERMISSIONS[code] == DB RolePermission (migration-built + dev verified); runtime via SecurityService.permissionsOf(DB)
DIRECTOR,operational-notes.delete,DENY,DENY,NONE,MATCH,RBAC-parity oracle: ROLE_PERMISSIONS[code] == DB RolePermission (migration-built + dev verified); runtime via SecurityService.permissionsOf(DB)
DIRECTOR,operational-notes.read,GRANT,GRANT,NONE,MATCH,RBAC-parity oracle: ROLE_PERMISSIONS[code] == DB RolePermission (migration-built + dev verified); runtime via SecurityService.permissionsOf(DB)
DIRECTOR,operational-notes.update,DENY,DENY,NONE,MATCH,RBAC-parity oracle: ROLE_PERMISSIONS[code] == DB RolePermission (migration-built + dev verified); runtime via SecurityService.permissionsOf(DB)
DIRECTOR,order.accept,DENY,DENY,NONE,MATCH,RBAC-parity oracle: ROLE_PERMISSIONS[code] == DB RolePermission (migration-built + dev verified); runtime via SecurityService.permissionsOf(DB)
DIRECTOR,order.cancel,DENY,DENY,NONE,MATCH,RBAC-parity oracle: ROLE_PERMISSIONS[code] == DB RolePermission (migration-built + dev verified); runtime via SecurityService.permissionsOf(DB)
DIRECTOR,order.close,DENY,DENY,NONE,MATCH,RBAC-parity oracle: ROLE_PERMISSIONS[code] == DB RolePermission (migration-built + dev verified); runtime via SecurityService.permissionsOf(DB)
DIRECTOR,order.edit_noncritical,DENY,DENY,NONE,MATCH,RBAC-parity oracle: ROLE_PERMISSIONS[code] == DB RolePermission (migration-built + dev verified); runtime via SecurityService.permissionsOf(DB)
DIRECTOR,order.read,GRANT,GRANT,NONE,MATCH,RBAC-parity oracle: ROLE_PERMISSIONS[code] == DB RolePermission (migration-built + dev verified); runtime via SecurityService.permissionsOf(DB)
DIRECTOR,order.request_booking,DENY,DENY,NONE,MATCH,RBAC-parity oracle: ROLE_PERMISSIONS[code] == DB RolePermission (migration-built + dev verified); runtime via SecurityService.permissionsOf(DB)
DIRECTOR,order.suspend,DENY,DENY,NONE,MATCH,RBAC-parity oracle: ROLE_PERMISSIONS[code] == DB RolePermission (migration-built + dev verified); runtime via SecurityService.permissionsOf(DB)
DIRECTOR,partner.onboarding.read_own,DENY,DENY,NONE,MATCH,RBAC-parity oracle: ROLE_PERMISSIONS[code] == DB RolePermission (migration-built + dev verified); runtime via SecurityService.permissionsOf(DB)
DIRECTOR,partner.onboarding.review,GRANT,GRANT,NONE,MATCH,RBAC-parity oracle: ROLE_PERMISSIONS[code] == DB RolePermission (migration-built + dev verified); runtime via SecurityService.permissionsOf(DB)
DIRECTOR,partner.onboarding.submit_own,DENY,DENY,NONE,MATCH,RBAC-parity oracle: ROLE_PERMISSIONS[code] == DB RolePermission (migration-built + dev verified); runtime via SecurityService.permissionsOf(DB)
DIRECTOR,partner.onboarding.update_own,DENY,DENY,NONE,MATCH,RBAC-parity oracle: ROLE_PERMISSIONS[code] == DB RolePermission (migration-built + dev verified); runtime via SecurityService.permissionsOf(DB)
DIRECTOR,reports.read,GRANT,GRANT,NONE,MATCH,RBAC-parity oracle: ROLE_PERMISSIONS[code] == DB RolePermission (migration-built + dev verified); runtime via SecurityService.permissionsOf(DB)
DIRECTOR,reverse.capability.read_own,DENY,DENY,NONE,MATCH,RBAC-parity oracle: ROLE_PERMISSIONS[code] == DB RolePermission (migration-built + dev verified); runtime via SecurityService.permissionsOf(DB)
DIRECTOR,reverse.capability.write_own,DENY,DENY,NONE,MATCH,RBAC-parity oracle: ROLE_PERMISSIONS[code] == DB RolePermission (migration-built + dev verified); runtime via SecurityService.permissionsOf(DB)
DIRECTOR,reverse.distribution.read_own,DENY,DENY,NONE,MATCH,RBAC-parity oracle: ROLE_PERMISSIONS[code] == DB RolePermission (migration-built + dev verified); runtime via SecurityService.permissionsOf(DB)
DIRECTOR,reverse.match.run,DENY,DENY,NONE,MATCH,RBAC-parity oracle: ROLE_PERMISSIONS[code] == DB RolePermission (migration-built + dev verified); runtime via SecurityService.permissionsOf(DB)
DIRECTOR,reverse.proposal.read_own,DENY,DENY,NONE,MATCH,RBAC-parity oracle: ROLE_PERMISSIONS[code] == DB RolePermission (migration-built + dev verified); runtime via SecurityService.permissionsOf(DB)
DIRECTOR,reverse.proposal.select_own,DENY,DENY,NONE,MATCH,RBAC-parity oracle: ROLE_PERMISSIONS[code] == DB RolePermission (migration-built + dev verified); runtime via SecurityService.permissionsOf(DB)
DIRECTOR,reverse.proposal.write_own,DENY,DENY,NONE,MATCH,RBAC-parity oracle: ROLE_PERMISSIONS[code] == DB RolePermission (migration-built + dev verified); runtime via SecurityService.permissionsOf(DB)
DIRECTOR,reverse.request.read_own,DENY,DENY,NONE,MATCH,RBAC-parity oracle: ROLE_PERMISSIONS[code] == DB RolePermission (migration-built + dev verified); runtime via SecurityService.permissionsOf(DB)
DIRECTOR,reverse.request.write_own,DENY,DENY,NONE,MATCH,RBAC-parity oracle: ROLE_PERMISSIONS[code] == DB RolePermission (migration-built + dev verified); runtime via SecurityService.permissionsOf(DB)
DIRECTOR,sales.checkout.read,GRANT,GRANT,NONE,MATCH,RBAC-parity oracle: ROLE_PERMISSIONS[code] == DB RolePermission (migration-built + dev verified); runtime via SecurityService.permissionsOf(DB)
DIRECTOR,sales.checkout.write,DENY,DENY,NONE,MATCH,RBAC-parity oracle: ROLE_PERMISSIONS[code] == DB RolePermission (migration-built + dev verified); runtime via SecurityService.permissionsOf(DB)
DIRECTOR,sales.kpi.read,GRANT,GRANT,NONE,MATCH,RBAC-parity oracle: ROLE_PERMISSIONS[code] == DB RolePermission (migration-built + dev verified); runtime via SecurityService.permissionsOf(DB)
DIRECTOR,sales.lead.read,GRANT,GRANT,NONE,MATCH,RBAC-parity oracle: ROLE_PERMISSIONS[code] == DB RolePermission (migration-built + dev verified); runtime via SecurityService.permissionsOf(DB)
DIRECTOR,sales.lead.write,DENY,DENY,NONE,MATCH,RBAC-parity oracle: ROLE_PERMISSIONS[code] == DB RolePermission (migration-built + dev verified); runtime via SecurityService.permissionsOf(DB)
DIRECTOR,sales.opportunity.read,GRANT,GRANT,NONE,MATCH,RBAC-parity oracle: ROLE_PERMISSIONS[code] == DB RolePermission (migration-built + dev verified); runtime via SecurityService.permissionsOf(DB)
DIRECTOR,sales.opportunity.write,DENY,DENY,NONE,MATCH,RBAC-parity oracle: ROLE_PERMISSIONS[code] == DB RolePermission (migration-built + dev verified); runtime via SecurityService.permissionsOf(DB)
DIRECTOR,sales.quote.approve,DENY,DENY,NONE,MATCH,RBAC-parity oracle: ROLE_PERMISSIONS[code] == DB RolePermission (migration-built + dev verified); runtime via SecurityService.permissionsOf(DB)
DIRECTOR,sales.quote.read,GRANT,GRANT,NONE,MATCH,RBAC-parity oracle: ROLE_PERMISSIONS[code] == DB RolePermission (migration-built + dev verified); runtime via SecurityService.permissionsOf(DB)
DIRECTOR,sales.quote.write,DENY,DENY,NONE,MATCH,RBAC-parity oracle: ROLE_PERMISSIONS[code] == DB RolePermission (migration-built + dev verified); runtime via SecurityService.permissionsOf(DB)
DIRECTOR,sales.sale.complete,DENY,DENY,NONE,MATCH,RBAC-parity oracle: ROLE_PERMISSIONS[code] == DB RolePermission (migration-built + dev verified); runtime via SecurityService.permissionsOf(DB)
DIRECTOR,sales.sale.read,GRANT,GRANT,NONE,MATCH,RBAC-parity oracle: ROLE_PERMISSIONS[code] == DB RolePermission (migration-built + dev verified); runtime via SecurityService.permissionsOf(DB)
DIRECTOR,sales.sale.write,DENY,DENY,NONE,MATCH,RBAC-parity oracle: ROLE_PERMISSIONS[code] == DB RolePermission (migration-built + dev verified); runtime via SecurityService.permissionsOf(DB)
DIRECTOR,seller_public_profile.approve_alias,DENY,DENY,NONE,MATCH,RBAC-parity oracle: ROLE_PERMISSIONS[code] == DB RolePermission (migration-built + dev verified); runtime via SecurityService.permissionsOf(DB)
DIRECTOR,seller_public_profile.approve_brand,DENY,DENY,NONE,MATCH,RBAC-parity oracle: ROLE_PERMISSIONS[code] == DB RolePermission (migration-built + dev verified); runtime via SecurityService.permissionsOf(DB)
DIRECTOR,seller_public_profile.hide_identity,DENY,DENY,NONE,MATCH,RBAC-parity oracle: ROLE_PERMISSIONS[code] == DB RolePermission (migration-built + dev verified); runtime via SecurityService.permissionsOf(DB)
DIRECTOR,seller_public_profile.propose,DENY,DENY,NONE,MATCH,RBAC-parity oracle: ROLE_PERMISSIONS[code] == DB RolePermission (migration-built + dev verified); runtime via SecurityService.permissionsOf(DB)
DIRECTOR,seller_public_profile.read_own,DENY,DENY,NONE,MATCH,RBAC-parity oracle: ROLE_PERMISSIONS[code] == DB RolePermission (migration-built + dev verified); runtime via SecurityService.permissionsOf(DB)
DIRECTOR,seller_public_profile.request_changes,DENY,DENY,NONE,MATCH,RBAC-parity oracle: ROLE_PERMISSIONS[code] == DB RolePermission (migration-built + dev verified); runtime via SecurityService.permissionsOf(DB)
DIRECTOR,seller_public_profile.review,DENY,DENY,NONE,MATCH,RBAC-parity oracle: ROLE_PERMISSIONS[code] == DB RolePermission (migration-built + dev verified); runtime via SecurityService.permissionsOf(DB)
DIRECTOR,settings.read,GRANT,GRANT,NONE,MATCH,RBAC-parity oracle: ROLE_PERMISSIONS[code] == DB RolePermission (migration-built + dev verified); runtime via SecurityService.permissionsOf(DB)
DIRECTOR,settings.write,DENY,DENY,NONE,MATCH,RBAC-parity oracle: ROLE_PERMISSIONS[code] == DB RolePermission (migration-built + dev verified); runtime via SecurityService.permissionsOf(DB)
DIRECTOR,storefront.activate_own,DENY,DENY,NONE,MATCH,RBAC-parity oracle: ROLE_PERMISSIONS[code] == DB RolePermission (migration-built + dev verified); runtime via SecurityService.permissionsOf(DB)
DIRECTOR,storefront.create_own,DENY,DENY,NONE,MATCH,RBAC-parity oracle: ROLE_PERMISSIONS[code] == DB RolePermission (migration-built + dev verified); runtime via SecurityService.permissionsOf(DB)
DIRECTOR,storefront.entitlement.manage,DENY,DENY,NONE,MATCH,RBAC-parity oracle: ROLE_PERMISSIONS[code] == DB RolePermission (migration-built + dev verified); runtime via SecurityService.permissionsOf(DB)
DIRECTOR,storefront.read_own,DENY,DENY,NONE,MATCH,RBAC-parity oracle: ROLE_PERMISSIONS[code] == DB RolePermission (migration-built + dev verified); runtime via SecurityService.permissionsOf(DB)
DIRECTOR,storefront.update_own,DENY,DENY,NONE,MATCH,RBAC-parity oracle: ROLE_PERMISSIONS[code] == DB RolePermission (migration-built + dev verified); runtime via SecurityService.permissionsOf(DB)
DIRECTOR,support.case.assign,DENY,DENY,NONE,MATCH,RBAC-parity oracle: ROLE_PERMISSIONS[code] == DB RolePermission (migration-built + dev verified); runtime via SecurityService.permissionsOf(DB)
DIRECTOR,support.case.create,DENY,DENY,NONE,MATCH,RBAC-parity oracle: ROLE_PERMISSIONS[code] == DB RolePermission (migration-built + dev verified); runtime via SecurityService.permissionsOf(DB)
DIRECTOR,support.case.delete,DENY,DENY,NONE,MATCH,RBAC-parity oracle: ROLE_PERMISSIONS[code] == DB RolePermission (migration-built + dev verified); runtime via SecurityService.permissionsOf(DB)
DIRECTOR,support.case.read,GRANT,GRANT,NONE,MATCH,RBAC-parity oracle: ROLE_PERMISSIONS[code] == DB RolePermission (migration-built + dev verified); runtime via SecurityService.permissionsOf(DB)
DIRECTOR,support.case.update,DENY,DENY,NONE,MATCH,RBAC-parity oracle: ROLE_PERMISSIONS[code] == DB RolePermission (migration-built + dev verified); runtime via SecurityService.permissionsOf(DB)
DIRECTOR,support.read,GRANT,GRANT,NONE,MATCH,RBAC-parity oracle: ROLE_PERMISSIONS[code] == DB RolePermission (migration-built + dev verified); runtime via SecurityService.permissionsOf(DB)
DIRECTOR,support.write,DENY,DENY,NONE,MATCH,RBAC-parity oracle: ROLE_PERMISSIONS[code] == DB RolePermission (migration-built + dev verified); runtime via SecurityService.permissionsOf(DB)
FINANCE,account.booking.read_own,DENY,DENY,NONE,MATCH,RBAC-parity oracle: ROLE_PERMISSIONS[code] == DB RolePermission (migration-built + dev verified); runtime via SecurityService.permissionsOf(DB)
FINANCE,account.document.read_own,DENY,DENY,NONE,MATCH,RBAC-parity oracle: ROLE_PERMISSIONS[code] == DB RolePermission (migration-built + dev verified); runtime via SecurityService.permissionsOf(DB)
FINANCE,account.order.read_own,DENY,DENY,NONE,MATCH,RBAC-parity oracle: ROLE_PERMISSIONS[code] == DB RolePermission (migration-built + dev verified); runtime via SecurityService.permissionsOf(DB)
FINANCE,account.payment.read_own,DENY,DENY,NONE,MATCH,RBAC-parity oracle: ROLE_PERMISSIONS[code] == DB RolePermission (migration-built + dev verified); runtime via SecurityService.permissionsOf(DB)
FINANCE,account.profile.read,GRANT,GRANT,NONE,MATCH,RBAC-parity oracle: ROLE_PERMISSIONS[code] == DB RolePermission (migration-built + dev verified); runtime via SecurityService.permissionsOf(DB)
FINANCE,account.profile.update,GRANT,GRANT,NONE,MATCH,RBAC-parity oracle: ROLE_PERMISSIONS[code] == DB RolePermission (migration-built + dev verified); runtime via SecurityService.permissionsOf(DB)
FINANCE,account.support.read_own,DENY,DENY,NONE,MATCH,RBAC-parity oracle: ROLE_PERMISSIONS[code] == DB RolePermission (migration-built + dev verified); runtime via SecurityService.permissionsOf(DB)
FINANCE,analytics.read,GRANT,GRANT,NONE,MATCH,RBAC-parity oracle: ROLE_PERMISSIONS[code] == DB RolePermission (migration-built + dev verified); runtime via SecurityService.permissionsOf(DB)
FINANCE,audit.read,GRANT,GRANT,NONE,MATCH,RBAC-parity oracle: ROLE_PERMISSIONS[code] == DB RolePermission (migration-built + dev verified); runtime via SecurityService.permissionsOf(DB)
FINANCE,booking.cancel,DENY,DENY,NONE,MATCH,RBAC-parity oracle: ROLE_PERMISSIONS[code] == DB RolePermission (migration-built + dev verified); runtime via SecurityService.permissionsOf(DB)
FINANCE,booking.confirm,DENY,DENY,NONE,MATCH,RBAC-parity oracle: ROLE_PERMISSIONS[code] == DB RolePermission (migration-built + dev verified); runtime via SecurityService.permissionsOf(DB)
FINANCE,booking.read,GRANT,GRANT,NONE,MATCH,RBAC-parity oracle: ROLE_PERMISSIONS[code] == DB RolePermission (migration-built + dev verified); runtime via SecurityService.permissionsOf(DB)
FINANCE,booking.request_change,DENY,DENY,NONE,MATCH,RBAC-parity oracle: ROLE_PERMISSIONS[code] == DB RolePermission (migration-built + dev verified); runtime via SecurityService.permissionsOf(DB)
FINANCE,booking.send_supplier,DENY,DENY,NONE,MATCH,RBAC-parity oracle: ROLE_PERMISSIONS[code] == DB RolePermission (migration-built + dev verified); runtime via SecurityService.permissionsOf(DB)
FINANCE,catalog.availability.write,DENY,DENY,NONE,MATCH,RBAC-parity oracle: ROLE_PERMISSIONS[code] == DB RolePermission (migration-built + dev verified); runtime via SecurityService.permissionsOf(DB)
FINANCE,catalog.category.write,DENY,DENY,NONE,MATCH,RBAC-parity oracle: ROLE_PERMISSIONS[code] == DB RolePermission (migration-built + dev verified); runtime via SecurityService.permissionsOf(DB)
FINANCE,catalog.category_schema.read,DENY,DENY,NONE,MATCH,RBAC-parity oracle: ROLE_PERMISSIONS[code] == DB RolePermission (migration-built + dev verified); runtime via SecurityService.permissionsOf(DB)
FINANCE,catalog.category_schema.read_active_for_product_edit,DENY,DENY,NONE,MATCH,RBAC-parity oracle: ROLE_PERMISSIONS[code] == DB RolePermission (migration-built + dev verified); runtime via SecurityService.permissionsOf(DB)
FINANCE,catalog.category_schema.write,DENY,DENY,NONE,MATCH,RBAC-parity oracle: ROLE_PERMISSIONS[code] == DB RolePermission (migration-built + dev verified); runtime via SecurityService.permissionsOf(DB)
FINANCE,catalog.media.delete_own,DENY,DENY,NONE,MATCH,RBAC-parity oracle: ROLE_PERMISSIONS[code] == DB RolePermission (migration-built + dev verified); runtime via SecurityService.permissionsOf(DB)
FINANCE,catalog.media.read_for_moderation,DENY,DENY,NONE,MATCH,RBAC-parity oracle: ROLE_PERMISSIONS[code] == DB RolePermission (migration-built + dev verified); runtime via SecurityService.permissionsOf(DB)
FINANCE,catalog.media.reorder_own,DENY,DENY,NONE,MATCH,RBAC-parity oracle: ROLE_PERMISSIONS[code] == DB RolePermission (migration-built + dev verified); runtime via SecurityService.permissionsOf(DB)
FINANCE,catalog.media.set_primary_own,DENY,DENY,NONE,MATCH,RBAC-parity oracle: ROLE_PERMISSIONS[code] == DB RolePermission (migration-built + dev verified); runtime via SecurityService.permissionsOf(DB)
FINANCE,catalog.media.update_own,DENY,DENY,NONE,MATCH,RBAC-parity oracle: ROLE_PERMISSIONS[code] == DB RolePermission (migration-built + dev verified); runtime via SecurityService.permissionsOf(DB)
FINANCE,catalog.media.upload_own,DENY,DENY,NONE,MATCH,RBAC-parity oracle: ROLE_PERMISSIONS[code] == DB RolePermission (migration-built + dev verified); runtime via SecurityService.permissionsOf(DB)
FINANCE,catalog.product.channels_own,DENY,DENY,NONE,MATCH,RBAC-parity oracle: ROLE_PERMISSIONS[code] == DB RolePermission (migration-built + dev verified); runtime via SecurityService.permissionsOf(DB)
FINANCE,catalog.product.create_own,DENY,DENY,NONE,MATCH,RBAC-parity oracle: ROLE_PERMISSIONS[code] == DB RolePermission (migration-built + dev verified); runtime via SecurityService.permissionsOf(DB)
FINANCE,catalog.product.publish,DENY,DENY,NONE,MATCH,RBAC-parity oracle: ROLE_PERMISSIONS[code] == DB RolePermission (migration-built + dev verified); runtime via SecurityService.permissionsOf(DB)
FINANCE,catalog.product.read,GRANT,GRANT,NONE,MATCH,RBAC-parity oracle: ROLE_PERMISSIONS[code] == DB RolePermission (migration-built + dev verified); runtime via SecurityService.permissionsOf(DB)
FINANCE,catalog.product.read_for_moderation,DENY,DENY,NONE,MATCH,RBAC-parity oracle: ROLE_PERMISSIONS[code] == DB RolePermission (migration-built + dev verified); runtime via SecurityService.permissionsOf(DB)
FINANCE,catalog.product.read_own,DENY,DENY,NONE,MATCH,RBAC-parity oracle: ROLE_PERMISSIONS[code] == DB RolePermission (migration-built + dev verified); runtime via SecurityService.permissionsOf(DB)
FINANCE,catalog.product.submit_moderation,DENY,DENY,NONE,MATCH,RBAC-parity oracle: ROLE_PERMISSIONS[code] == DB RolePermission (migration-built + dev verified); runtime via SecurityService.permissionsOf(DB)
FINANCE,catalog.product.update_own_draft,DENY,DENY,NONE,MATCH,RBAC-parity oracle: ROLE_PERMISSIONS[code] == DB RolePermission (migration-built + dev verified); runtime via SecurityService.permissionsOf(DB)
FINANCE,catalog.product.write,DENY,DENY,NONE,MATCH,RBAC-parity oracle: ROLE_PERMISSIONS[code] == DB RolePermission (migration-built + dev verified); runtime via SecurityService.permissionsOf(DB)
FINANCE,catalog.rate_plan.publish,DENY,DENY,NONE,MATCH,RBAC-parity oracle: ROLE_PERMISSIONS[code] == DB RolePermission (migration-built + dev verified); runtime via SecurityService.permissionsOf(DB)
FINANCE,catalog.service_unit.publish,DENY,DENY,NONE,MATCH,RBAC-parity oracle: ROLE_PERMISSIONS[code] == DB RolePermission (migration-built + dev verified); runtime via SecurityService.permissionsOf(DB)
FINANCE,communication.create,DENY,DENY,NONE,MATCH,RBAC-parity oracle: ROLE_PERMISSIONS[code] == DB RolePermission (migration-built + dev verified); runtime via SecurityService.permissionsOf(DB)
FINANCE,communication.read,DENY,DENY,NONE,MATCH,RBAC-parity oracle: ROLE_PERMISSIONS[code] == DB RolePermission (migration-built + dev verified); runtime via SecurityService.permissionsOf(DB)
FINANCE,communication.read_own,DENY,DENY,NONE,MATCH,RBAC-parity oracle: ROLE_PERMISSIONS[code] == DB RolePermission (migration-built + dev verified); runtime via SecurityService.permissionsOf(DB)
FINANCE,communication.write_own,DENY,DENY,NONE,MATCH,RBAC-parity oracle: ROLE_PERMISSIONS[code] == DB RolePermission (migration-built + dev verified); runtime via SecurityService.permissionsOf(DB)
FINANCE,crm.activity.read,GRANT,GRANT,NONE,MATCH,RBAC-parity oracle: ROLE_PERMISSIONS[code] == DB RolePermission (migration-built + dev verified); runtime via SecurityService.permissionsOf(DB)
FINANCE,crm.company.write,DENY,DENY,NONE,MATCH,RBAC-parity oracle: ROLE_PERMISSIONS[code] == DB RolePermission (migration-built + dev verified); runtime via SecurityService.permissionsOf(DB)
FINANCE,crm.contact.write,DENY,DENY,NONE,MATCH,RBAC-parity oracle: ROLE_PERMISSIONS[code] == DB RolePermission (migration-built + dev verified); runtime via SecurityService.permissionsOf(DB)
FINANCE,crm.customer.create_own,DENY,DENY,NONE,MATCH,RBAC-parity oracle: ROLE_PERMISSIONS[code] == DB RolePermission (migration-built + dev verified); runtime via SecurityService.permissionsOf(DB)
FINANCE,crm.customer.read,DENY,DENY,NONE,MATCH,RBAC-parity oracle: ROLE_PERMISSIONS[code] == DB RolePermission (migration-built + dev verified); runtime via SecurityService.permissionsOf(DB)
FINANCE,crm.customer.read_own,DENY,DENY,NONE,MATCH,RBAC-parity oracle: ROLE_PERMISSIONS[code] == DB RolePermission (migration-built + dev verified); runtime via SecurityService.permissionsOf(DB)
FINANCE,crm.customer.update_own,DENY,DENY,NONE,MATCH,RBAC-parity oracle: ROLE_PERMISSIONS[code] == DB RolePermission (migration-built + dev verified); runtime via SecurityService.permissionsOf(DB)
FINANCE,crm.customer.write,DENY,DENY,NONE,MATCH,RBAC-parity oracle: ROLE_PERMISSIONS[code] == DB RolePermission (migration-built + dev verified); runtime via SecurityService.permissionsOf(DB)
FINANCE,crm.partner.read,DENY,DENY,NONE,MATCH,RBAC-parity oracle: ROLE_PERMISSIONS[code] == DB RolePermission (migration-built + dev verified); runtime via SecurityService.permissionsOf(DB)
FINANCE,crm.partner.write,DENY,DENY,NONE,MATCH,RBAC-parity oracle: ROLE_PERMISSIONS[code] == DB RolePermission (migration-built + dev verified); runtime via SecurityService.permissionsOf(DB)
FINANCE,crm.supplier.write,DENY,DENY,NONE,MATCH,RBAC-parity oracle: ROLE_PERMISSIONS[code] == DB RolePermission (migration-built + dev verified); runtime via SecurityService.permissionsOf(DB)
FINANCE,dashboard.attention.read,GRANT,GRANT,NONE,MATCH,RBAC-parity oracle: ROLE_PERMISSIONS[code] == DB RolePermission (migration-built + dev verified); runtime via SecurityService.permissionsOf(DB)
FINANCE,dashboard.catalog.read,DENY,DENY,NONE,MATCH,RBAC-parity oracle: ROLE_PERMISSIONS[code] == DB RolePermission (migration-built + dev verified); runtime via SecurityService.permissionsOf(DB)
FINANCE,dashboard.channels.read,DENY,DENY,NONE,MATCH,RBAC-parity oracle: ROLE_PERMISSIONS[code] == DB RolePermission (migration-built + dev verified); runtime via SecurityService.permissionsOf(DB)
FINANCE,dashboard.customize,DENY,DENY,NONE,MATCH,RBAC-parity oracle: ROLE_PERMISSIONS[code] == DB RolePermission (migration-built + dev verified); runtime via SecurityService.permissionsOf(DB)
FINANCE,dashboard.executive.read,GRANT,GRANT,NONE,MATCH,RBAC-parity oracle: ROLE_PERMISSIONS[code] == DB RolePermission (migration-built + dev verified); runtime via SecurityService.permissionsOf(DB)
FINANCE,dashboard.financial.read,GRANT,GRANT,NONE,MATCH,RBAC-parity oracle: ROLE_PERMISSIONS[code] == DB RolePermission (migration-built + dev verified); runtime via SecurityService.permissionsOf(DB)
FINANCE,dashboard.insights.read,DENY,DENY,NONE,MATCH,RBAC-parity oracle: ROLE_PERMISSIONS[code] == DB RolePermission (migration-built + dev verified); runtime via SecurityService.permissionsOf(DB)
FINANCE,dashboard.marketplace.read,DENY,DENY,NONE,MATCH,RBAC-parity oracle: ROLE_PERMISSIONS[code] == DB RolePermission (migration-built + dev verified); runtime via SecurityService.permissionsOf(DB)
FINANCE,dashboard.operational.read,DENY,DENY,NONE,MATCH,RBAC-parity oracle: ROLE_PERMISSIONS[code] == DB RolePermission (migration-built + dev verified); runtime via SecurityService.permissionsOf(DB)
FINANCE,documents.read,GRANT,GRANT,NONE,MATCH,RBAC-parity oracle: ROLE_PERMISSIONS[code] == DB RolePermission (migration-built + dev verified); runtime via SecurityService.permissionsOf(DB)
FINANCE,documents.write,DENY,DENY,NONE,MATCH,RBAC-parity oracle: ROLE_PERMISSIONS[code] == DB RolePermission (migration-built + dev verified); runtime via SecurityService.permissionsOf(DB)
FINANCE,finance.commission.manage,GRANT,GRANT,NONE,MATCH,RBAC-parity oracle: ROLE_PERMISSIONS[code] == DB RolePermission (migration-built + dev verified); runtime via SecurityService.permissionsOf(DB)
FINANCE,finance.commission.read,GRANT,GRANT,NONE,MATCH,RBAC-parity oracle: ROLE_PERMISSIONS[code] == DB RolePermission (migration-built + dev verified); runtime via SecurityService.permissionsOf(DB)
FINANCE,finance.commission.write,GRANT,GRANT,NONE,MATCH,RBAC-parity oracle: ROLE_PERMISSIONS[code] == DB RolePermission (migration-built + dev verified); runtime via SecurityService.permissionsOf(DB)
FINANCE,finance.currency.manage,GRANT,GRANT,NONE,MATCH,RBAC-parity oracle: ROLE_PERMISSIONS[code] == DB RolePermission (migration-built + dev verified); runtime via SecurityService.permissionsOf(DB)
FINANCE,finance.dispute.read,GRANT,GRANT,NONE,MATCH,RBAC-parity oracle: ROLE_PERMISSIONS[code] == DB RolePermission (migration-built + dev verified); runtime via SecurityService.permissionsOf(DB)
FINANCE,finance.dispute.write,GRANT,GRANT,NONE,MATCH,RBAC-parity oracle: ROLE_PERMISSIONS[code] == DB RolePermission (migration-built + dev verified); runtime via SecurityService.permissionsOf(DB)
FINANCE,finance.exchange_rate.manage,GRANT,GRANT,NONE,MATCH,RBAC-parity oracle: ROLE_PERMISSIONS[code] == DB RolePermission (migration-built + dev verified); runtime via SecurityService.permissionsOf(DB)
FINANCE,finance.invoice.read,GRANT,GRANT,NONE,MATCH,RBAC-parity oracle: ROLE_PERMISSIONS[code] == DB RolePermission (migration-built + dev verified); runtime via SecurityService.permissionsOf(DB)
FINANCE,finance.invoice.write,GRANT,GRANT,NONE,MATCH,RBAC-parity oracle: ROLE_PERMISSIONS[code] == DB RolePermission (migration-built + dev verified); runtime via SecurityService.permissionsOf(DB)
FINANCE,finance.ledger.read,GRANT,GRANT,NONE,MATCH,RBAC-parity oracle: ROLE_PERMISSIONS[code] == DB RolePermission (migration-built + dev verified); runtime via SecurityService.permissionsOf(DB)
FINANCE,finance.payment.create,GRANT,GRANT,NONE,MATCH,RBAC-parity oracle: ROLE_PERMISSIONS[code] == DB RolePermission (migration-built + dev verified); runtime via SecurityService.permissionsOf(DB)
FINANCE,finance.payment.manage,GRANT,GRANT,NONE,MATCH,RBAC-parity oracle: ROLE_PERMISSIONS[code] == DB RolePermission (migration-built + dev verified); runtime via SecurityService.permissionsOf(DB)
FINANCE,finance.payment.read,GRANT,GRANT,NONE,MATCH,RBAC-parity oracle: ROLE_PERMISSIONS[code] == DB RolePermission (migration-built + dev verified); runtime via SecurityService.permissionsOf(DB)
FINANCE,finance.payment.write,GRANT,GRANT,NONE,MATCH,RBAC-parity oracle: ROLE_PERMISSIONS[code] == DB RolePermission (migration-built + dev verified); runtime via SecurityService.permissionsOf(DB)
FINANCE,finance.payout.read,GRANT,GRANT,NONE,MATCH,RBAC-parity oracle: ROLE_PERMISSIONS[code] == DB RolePermission (migration-built + dev verified); runtime via SecurityService.permissionsOf(DB)
FINANCE,finance.provider_fee.read,GRANT,GRANT,NONE,MATCH,RBAC-parity oracle: ROLE_PERMISSIONS[code] == DB RolePermission (migration-built + dev verified); runtime via SecurityService.permissionsOf(DB)
FINANCE,finance.refund.approve,GRANT,GRANT,NONE,MATCH,RBAC-parity oracle: ROLE_PERMISSIONS[code] == DB RolePermission (migration-built + dev verified); runtime via SecurityService.permissionsOf(DB)
FINANCE,finance.refund.execute,GRANT,GRANT,NONE,MATCH,RBAC-parity oracle: ROLE_PERMISSIONS[code] == DB RolePermission (migration-built + dev verified); runtime via SecurityService.permissionsOf(DB)
FINANCE,finance.refund.read,GRANT,GRANT,NONE,MATCH,RBAC-parity oracle: ROLE_PERMISSIONS[code] == DB RolePermission (migration-built + dev verified); runtime via SecurityService.permissionsOf(DB)
FINANCE,finance.refund.write,GRANT,GRANT,NONE,MATCH,RBAC-parity oracle: ROLE_PERMISSIONS[code] == DB RolePermission (migration-built + dev verified); runtime via SecurityService.permissionsOf(DB)
FINANCE,finance.settlement.read,GRANT,GRANT,NONE,MATCH,RBAC-parity oracle: ROLE_PERMISSIONS[code] == DB RolePermission (migration-built + dev verified); runtime via SecurityService.permissionsOf(DB)
FINANCE,finance.tax.manage,GRANT,GRANT,NONE,MATCH,RBAC-parity oracle: ROLE_PERMISSIONS[code] == DB RolePermission (migration-built + dev verified); runtime via SecurityService.permissionsOf(DB)
FINANCE,marketing.attribution.manage,DENY,DENY,NONE,MATCH,RBAC-parity oracle: ROLE_PERMISSIONS[code] == DB RolePermission (migration-built + dev verified); runtime via SecurityService.permissionsOf(DB)
FINANCE,marketing.attribution.read,DENY,DENY,NONE,MATCH,RBAC-parity oracle: ROLE_PERMISSIONS[code] == DB RolePermission (migration-built + dev verified); runtime via SecurityService.permissionsOf(DB)
FINANCE,marketing.audience.manage,DENY,DENY,NONE,MATCH,RBAC-parity oracle: ROLE_PERMISSIONS[code] == DB RolePermission (migration-built + dev verified); runtime via SecurityService.permissionsOf(DB)
FINANCE,marketing.audience.read,DENY,DENY,NONE,MATCH,RBAC-parity oracle: ROLE_PERMISSIONS[code] == DB RolePermission (migration-built + dev verified); runtime via SecurityService.permissionsOf(DB)
FINANCE,marketing.campaign.create,DENY,DENY,NONE,MATCH,RBAC-parity oracle: ROLE_PERMISSIONS[code] == DB RolePermission (migration-built + dev verified); runtime via SecurityService.permissionsOf(DB)
FINANCE,marketing.campaign.delete,DENY,DENY,NONE,MATCH,RBAC-parity oracle: ROLE_PERMISSIONS[code] == DB RolePermission (migration-built + dev verified); runtime via SecurityService.permissionsOf(DB)
FINANCE,marketing.campaign.read,DENY,DENY,NONE,MATCH,RBAC-parity oracle: ROLE_PERMISSIONS[code] == DB RolePermission (migration-built + dev verified); runtime via SecurityService.permissionsOf(DB)
FINANCE,marketing.campaign.update,DENY,DENY,NONE,MATCH,RBAC-parity oracle: ROLE_PERMISSIONS[code] == DB RolePermission (migration-built + dev verified); runtime via SecurityService.permissionsOf(DB)
FINANCE,marketing.read,DENY,DENY,NONE,MATCH,RBAC-parity oracle: ROLE_PERMISSIONS[code] == DB RolePermission (migration-built + dev verified); runtime via SecurityService.permissionsOf(DB)
FINANCE,moderation.approve,DENY,DENY,NONE,MATCH,RBAC-parity oracle: ROLE_PERMISSIONS[code] == DB RolePermission (migration-built + dev verified); runtime via SecurityService.permissionsOf(DB)
FINANCE,moderation.reject,DENY,DENY,NONE,MATCH,RBAC-parity oracle: ROLE_PERMISSIONS[code] == DB RolePermission (migration-built + dev verified); runtime via SecurityService.permissionsOf(DB)
FINANCE,moderation.request_changes,DENY,DENY,NONE,MATCH,RBAC-parity oracle: ROLE_PERMISSIONS[code] == DB RolePermission (migration-built + dev verified); runtime via SecurityService.permissionsOf(DB)
FINANCE,moderation.review,DENY,DENY,NONE,MATCH,RBAC-parity oracle: ROLE_PERMISSIONS[code] == DB RolePermission (migration-built + dev verified); runtime via SecurityService.permissionsOf(DB)
FINANCE,operational-notes.create,DENY,DENY,NONE,MATCH,RBAC-parity oracle: ROLE_PERMISSIONS[code] == DB RolePermission (migration-built + dev verified); runtime via SecurityService.permissionsOf(DB)
FINANCE,operational-notes.delete,DENY,DENY,NONE,MATCH,RBAC-parity oracle: ROLE_PERMISSIONS[code] == DB RolePermission (migration-built + dev verified); runtime via SecurityService.permissionsOf(DB)
FINANCE,operational-notes.read,GRANT,GRANT,NONE,MATCH,RBAC-parity oracle: ROLE_PERMISSIONS[code] == DB RolePermission (migration-built + dev verified); runtime via SecurityService.permissionsOf(DB)
FINANCE,operational-notes.update,DENY,DENY,NONE,MATCH,RBAC-parity oracle: ROLE_PERMISSIONS[code] == DB RolePermission (migration-built + dev verified); runtime via SecurityService.permissionsOf(DB)
FINANCE,order.accept,DENY,DENY,NONE,MATCH,RBAC-parity oracle: ROLE_PERMISSIONS[code] == DB RolePermission (migration-built + dev verified); runtime via SecurityService.permissionsOf(DB)
FINANCE,order.cancel,DENY,DENY,NONE,MATCH,RBAC-parity oracle: ROLE_PERMISSIONS[code] == DB RolePermission (migration-built + dev verified); runtime via SecurityService.permissionsOf(DB)
FINANCE,order.close,DENY,DENY,NONE,MATCH,RBAC-parity oracle: ROLE_PERMISSIONS[code] == DB RolePermission (migration-built + dev verified); runtime via SecurityService.permissionsOf(DB)
FINANCE,order.edit_noncritical,DENY,DENY,NONE,MATCH,RBAC-parity oracle: ROLE_PERMISSIONS[code] == DB RolePermission (migration-built + dev verified); runtime via SecurityService.permissionsOf(DB)
FINANCE,order.read,GRANT,GRANT,NONE,MATCH,RBAC-parity oracle: ROLE_PERMISSIONS[code] == DB RolePermission (migration-built + dev verified); runtime via SecurityService.permissionsOf(DB)
FINANCE,order.request_booking,DENY,DENY,NONE,MATCH,RBAC-parity oracle: ROLE_PERMISSIONS[code] == DB RolePermission (migration-built + dev verified); runtime via SecurityService.permissionsOf(DB)
FINANCE,order.suspend,DENY,DENY,NONE,MATCH,RBAC-parity oracle: ROLE_PERMISSIONS[code] == DB RolePermission (migration-built + dev verified); runtime via SecurityService.permissionsOf(DB)
FINANCE,partner.onboarding.read_own,DENY,DENY,NONE,MATCH,RBAC-parity oracle: ROLE_PERMISSIONS[code] == DB RolePermission (migration-built + dev verified); runtime via SecurityService.permissionsOf(DB)
FINANCE,partner.onboarding.review,DENY,DENY,NONE,MATCH,RBAC-parity oracle: ROLE_PERMISSIONS[code] == DB RolePermission (migration-built + dev verified); runtime via SecurityService.permissionsOf(DB)
FINANCE,partner.onboarding.submit_own,DENY,DENY,NONE,MATCH,RBAC-parity oracle: ROLE_PERMISSIONS[code] == DB RolePermission (migration-built + dev verified); runtime via SecurityService.permissionsOf(DB)
FINANCE,partner.onboarding.update_own,DENY,DENY,NONE,MATCH,RBAC-parity oracle: ROLE_PERMISSIONS[code] == DB RolePermission (migration-built + dev verified); runtime via SecurityService.permissionsOf(DB)
FINANCE,reports.read,DENY,DENY,NONE,MATCH,RBAC-parity oracle: ROLE_PERMISSIONS[code] == DB RolePermission (migration-built + dev verified); runtime via SecurityService.permissionsOf(DB)
FINANCE,reverse.capability.read_own,DENY,DENY,NONE,MATCH,RBAC-parity oracle: ROLE_PERMISSIONS[code] == DB RolePermission (migration-built + dev verified); runtime via SecurityService.permissionsOf(DB)
FINANCE,reverse.capability.write_own,DENY,DENY,NONE,MATCH,RBAC-parity oracle: ROLE_PERMISSIONS[code] == DB RolePermission (migration-built + dev verified); runtime via SecurityService.permissionsOf(DB)
FINANCE,reverse.distribution.read_own,DENY,DENY,NONE,MATCH,RBAC-parity oracle: ROLE_PERMISSIONS[code] == DB RolePermission (migration-built + dev verified); runtime via SecurityService.permissionsOf(DB)
FINANCE,reverse.match.run,DENY,DENY,NONE,MATCH,RBAC-parity oracle: ROLE_PERMISSIONS[code] == DB RolePermission (migration-built + dev verified); runtime via SecurityService.permissionsOf(DB)
FINANCE,reverse.proposal.read_own,DENY,DENY,NONE,MATCH,RBAC-parity oracle: ROLE_PERMISSIONS[code] == DB RolePermission (migration-built + dev verified); runtime via SecurityService.permissionsOf(DB)
FINANCE,reverse.proposal.select_own,DENY,DENY,NONE,MATCH,RBAC-parity oracle: ROLE_PERMISSIONS[code] == DB RolePermission (migration-built + dev verified); runtime via SecurityService.permissionsOf(DB)
FINANCE,reverse.proposal.write_own,DENY,DENY,NONE,MATCH,RBAC-parity oracle: ROLE_PERMISSIONS[code] == DB RolePermission (migration-built + dev verified); runtime via SecurityService.permissionsOf(DB)
FINANCE,reverse.request.read_own,DENY,DENY,NONE,MATCH,RBAC-parity oracle: ROLE_PERMISSIONS[code] == DB RolePermission (migration-built + dev verified); runtime via SecurityService.permissionsOf(DB)
FINANCE,reverse.request.write_own,DENY,DENY,NONE,MATCH,RBAC-parity oracle: ROLE_PERMISSIONS[code] == DB RolePermission (migration-built + dev verified); runtime via SecurityService.permissionsOf(DB)
FINANCE,sales.checkout.read,DENY,DENY,NONE,MATCH,RBAC-parity oracle: ROLE_PERMISSIONS[code] == DB RolePermission (migration-built + dev verified); runtime via SecurityService.permissionsOf(DB)
FINANCE,sales.checkout.write,DENY,DENY,NONE,MATCH,RBAC-parity oracle: ROLE_PERMISSIONS[code] == DB RolePermission (migration-built + dev verified); runtime via SecurityService.permissionsOf(DB)
FINANCE,sales.kpi.read,DENY,DENY,NONE,MATCH,RBAC-parity oracle: ROLE_PERMISSIONS[code] == DB RolePermission (migration-built + dev verified); runtime via SecurityService.permissionsOf(DB)
FINANCE,sales.lead.read,DENY,DENY,NONE,MATCH,RBAC-parity oracle: ROLE_PERMISSIONS[code] == DB RolePermission (migration-built + dev verified); runtime via SecurityService.permissionsOf(DB)
FINANCE,sales.lead.write,DENY,DENY,NONE,MATCH,RBAC-parity oracle: ROLE_PERMISSIONS[code] == DB RolePermission (migration-built + dev verified); runtime via SecurityService.permissionsOf(DB)
FINANCE,sales.opportunity.read,DENY,DENY,NONE,MATCH,RBAC-parity oracle: ROLE_PERMISSIONS[code] == DB RolePermission (migration-built + dev verified); runtime via SecurityService.permissionsOf(DB)
FINANCE,sales.opportunity.write,DENY,DENY,NONE,MATCH,RBAC-parity oracle: ROLE_PERMISSIONS[code] == DB RolePermission (migration-built + dev verified); runtime via SecurityService.permissionsOf(DB)
FINANCE,sales.quote.approve,DENY,DENY,NONE,MATCH,RBAC-parity oracle: ROLE_PERMISSIONS[code] == DB RolePermission (migration-built + dev verified); runtime via SecurityService.permissionsOf(DB)
FINANCE,sales.quote.read,DENY,DENY,NONE,MATCH,RBAC-parity oracle: ROLE_PERMISSIONS[code] == DB RolePermission (migration-built + dev verified); runtime via SecurityService.permissionsOf(DB)
FINANCE,sales.quote.write,DENY,DENY,NONE,MATCH,RBAC-parity oracle: ROLE_PERMISSIONS[code] == DB RolePermission (migration-built + dev verified); runtime via SecurityService.permissionsOf(DB)
FINANCE,sales.sale.complete,DENY,DENY,NONE,MATCH,RBAC-parity oracle: ROLE_PERMISSIONS[code] == DB RolePermission (migration-built + dev verified); runtime via SecurityService.permissionsOf(DB)
FINANCE,sales.sale.read,GRANT,GRANT,NONE,MATCH,RBAC-parity oracle: ROLE_PERMISSIONS[code] == DB RolePermission (migration-built + dev verified); runtime via SecurityService.permissionsOf(DB)
FINANCE,sales.sale.write,DENY,DENY,NONE,MATCH,RBAC-parity oracle: ROLE_PERMISSIONS[code] == DB RolePermission (migration-built + dev verified); runtime via SecurityService.permissionsOf(DB)
FINANCE,seller_public_profile.approve_alias,DENY,DENY,NONE,MATCH,RBAC-parity oracle: ROLE_PERMISSIONS[code] == DB RolePermission (migration-built + dev verified); runtime via SecurityService.permissionsOf(DB)
FINANCE,seller_public_profile.approve_brand,DENY,DENY,NONE,MATCH,RBAC-parity oracle: ROLE_PERMISSIONS[code] == DB RolePermission (migration-built + dev verified); runtime via SecurityService.permissionsOf(DB)
FINANCE,seller_public_profile.hide_identity,DENY,DENY,NONE,MATCH,RBAC-parity oracle: ROLE_PERMISSIONS[code] == DB RolePermission (migration-built + dev verified); runtime via SecurityService.permissionsOf(DB)
FINANCE,seller_public_profile.propose,DENY,DENY,NONE,MATCH,RBAC-parity oracle: ROLE_PERMISSIONS[code] == DB RolePermission (migration-built + dev verified); runtime via SecurityService.permissionsOf(DB)
FINANCE,seller_public_profile.read_own,DENY,DENY,NONE,MATCH,RBAC-parity oracle: ROLE_PERMISSIONS[code] == DB RolePermission (migration-built + dev verified); runtime via SecurityService.permissionsOf(DB)
FINANCE,seller_public_profile.request_changes,DENY,DENY,NONE,MATCH,RBAC-parity oracle: ROLE_PERMISSIONS[code] == DB RolePermission (migration-built + dev verified); runtime via SecurityService.permissionsOf(DB)
FINANCE,seller_public_profile.review,DENY,DENY,NONE,MATCH,RBAC-parity oracle: ROLE_PERMISSIONS[code] == DB RolePermission (migration-built + dev verified); runtime via SecurityService.permissionsOf(DB)
FINANCE,settings.read,GRANT,GRANT,NONE,MATCH,RBAC-parity oracle: ROLE_PERMISSIONS[code] == DB RolePermission (migration-built + dev verified); runtime via SecurityService.permissionsOf(DB)
FINANCE,settings.write,DENY,DENY,NONE,MATCH,RBAC-parity oracle: ROLE_PERMISSIONS[code] == DB RolePermission (migration-built + dev verified); runtime via SecurityService.permissionsOf(DB)
FINANCE,storefront.activate_own,DENY,DENY,NONE,MATCH,RBAC-parity oracle: ROLE_PERMISSIONS[code] == DB RolePermission (migration-built + dev verified); runtime via SecurityService.permissionsOf(DB)
FINANCE,storefront.create_own,DENY,DENY,NONE,MATCH,RBAC-parity oracle: ROLE_PERMISSIONS[code] == DB RolePermission (migration-built + dev verified); runtime via SecurityService.permissionsOf(DB)
FINANCE,storefront.entitlement.manage,DENY,DENY,NONE,MATCH,RBAC-parity oracle: ROLE_PERMISSIONS[code] == DB RolePermission (migration-built + dev verified); runtime via SecurityService.permissionsOf(DB)
FINANCE,storefront.read_own,DENY,DENY,NONE,MATCH,RBAC-parity oracle: ROLE_PERMISSIONS[code] == DB RolePermission (migration-built + dev verified); runtime via SecurityService.permissionsOf(DB)
FINANCE,storefront.update_own,DENY,DENY,NONE,MATCH,RBAC-parity oracle: ROLE_PERMISSIONS[code] == DB RolePermission (migration-built + dev verified); runtime via SecurityService.permissionsOf(DB)
FINANCE,support.case.assign,DENY,DENY,NONE,MATCH,RBAC-parity oracle: ROLE_PERMISSIONS[code] == DB RolePermission (migration-built + dev verified); runtime via SecurityService.permissionsOf(DB)
FINANCE,support.case.create,DENY,DENY,NONE,MATCH,RBAC-parity oracle: ROLE_PERMISSIONS[code] == DB RolePermission (migration-built + dev verified); runtime via SecurityService.permissionsOf(DB)
FINANCE,support.case.delete,DENY,DENY,NONE,MATCH,RBAC-parity oracle: ROLE_PERMISSIONS[code] == DB RolePermission (migration-built + dev verified); runtime via SecurityService.permissionsOf(DB)
FINANCE,support.case.read,GRANT,GRANT,NONE,MATCH,RBAC-parity oracle: ROLE_PERMISSIONS[code] == DB RolePermission (migration-built + dev verified); runtime via SecurityService.permissionsOf(DB)
FINANCE,support.case.update,DENY,DENY,NONE,MATCH,RBAC-parity oracle: ROLE_PERMISSIONS[code] == DB RolePermission (migration-built + dev verified); runtime via SecurityService.permissionsOf(DB)
FINANCE,support.read,GRANT,GRANT,NONE,MATCH,RBAC-parity oracle: ROLE_PERMISSIONS[code] == DB RolePermission (migration-built + dev verified); runtime via SecurityService.permissionsOf(DB)
FINANCE,support.write,DENY,DENY,NONE,MATCH,RBAC-parity oracle: ROLE_PERMISSIONS[code] == DB RolePermission (migration-built + dev verified); runtime via SecurityService.permissionsOf(DB)
MARKETER,account.booking.read_own,DENY,DENY,NONE,MATCH,RBAC-parity oracle: ROLE_PERMISSIONS[code] == DB RolePermission (migration-built + dev verified); runtime via SecurityService.permissionsOf(DB)
MARKETER,account.document.read_own,DENY,DENY,NONE,MATCH,RBAC-parity oracle: ROLE_PERMISSIONS[code] == DB RolePermission (migration-built + dev verified); runtime via SecurityService.permissionsOf(DB)
MARKETER,account.order.read_own,DENY,DENY,NONE,MATCH,RBAC-parity oracle: ROLE_PERMISSIONS[code] == DB RolePermission (migration-built + dev verified); runtime via SecurityService.permissionsOf(DB)
MARKETER,account.payment.read_own,DENY,DENY,NONE,MATCH,RBAC-parity oracle: ROLE_PERMISSIONS[code] == DB RolePermission (migration-built + dev verified); runtime via SecurityService.permissionsOf(DB)
MARKETER,account.profile.read,GRANT,GRANT,NONE,MATCH,RBAC-parity oracle: ROLE_PERMISSIONS[code] == DB RolePermission (migration-built + dev verified); runtime via SecurityService.permissionsOf(DB)
MARKETER,account.profile.update,GRANT,GRANT,NONE,MATCH,RBAC-parity oracle: ROLE_PERMISSIONS[code] == DB RolePermission (migration-built + dev verified); runtime via SecurityService.permissionsOf(DB)
MARKETER,account.support.read_own,DENY,DENY,NONE,MATCH,RBAC-parity oracle: ROLE_PERMISSIONS[code] == DB RolePermission (migration-built + dev verified); runtime via SecurityService.permissionsOf(DB)
MARKETER,analytics.read,GRANT,GRANT,NONE,MATCH,RBAC-parity oracle: ROLE_PERMISSIONS[code] == DB RolePermission (migration-built + dev verified); runtime via SecurityService.permissionsOf(DB)
MARKETER,audit.read,DENY,DENY,NONE,MATCH,RBAC-parity oracle: ROLE_PERMISSIONS[code] == DB RolePermission (migration-built + dev verified); runtime via SecurityService.permissionsOf(DB)
MARKETER,booking.cancel,DENY,DENY,NONE,MATCH,RBAC-parity oracle: ROLE_PERMISSIONS[code] == DB RolePermission (migration-built + dev verified); runtime via SecurityService.permissionsOf(DB)
MARKETER,booking.confirm,DENY,DENY,NONE,MATCH,RBAC-parity oracle: ROLE_PERMISSIONS[code] == DB RolePermission (migration-built + dev verified); runtime via SecurityService.permissionsOf(DB)
MARKETER,booking.read,DENY,DENY,NONE,MATCH,RBAC-parity oracle: ROLE_PERMISSIONS[code] == DB RolePermission (migration-built + dev verified); runtime via SecurityService.permissionsOf(DB)
MARKETER,booking.request_change,DENY,DENY,NONE,MATCH,RBAC-parity oracle: ROLE_PERMISSIONS[code] == DB RolePermission (migration-built + dev verified); runtime via SecurityService.permissionsOf(DB)
MARKETER,booking.send_supplier,DENY,DENY,NONE,MATCH,RBAC-parity oracle: ROLE_PERMISSIONS[code] == DB RolePermission (migration-built + dev verified); runtime via SecurityService.permissionsOf(DB)
MARKETER,catalog.availability.write,DENY,DENY,NONE,MATCH,RBAC-parity oracle: ROLE_PERMISSIONS[code] == DB RolePermission (migration-built + dev verified); runtime via SecurityService.permissionsOf(DB)
MARKETER,catalog.category.write,DENY,DENY,NONE,MATCH,RBAC-parity oracle: ROLE_PERMISSIONS[code] == DB RolePermission (migration-built + dev verified); runtime via SecurityService.permissionsOf(DB)
MARKETER,catalog.category_schema.read,DENY,DENY,NONE,MATCH,RBAC-parity oracle: ROLE_PERMISSIONS[code] == DB RolePermission (migration-built + dev verified); runtime via SecurityService.permissionsOf(DB)
MARKETER,catalog.category_schema.read_active_for_product_edit,DENY,DENY,NONE,MATCH,RBAC-parity oracle: ROLE_PERMISSIONS[code] == DB RolePermission (migration-built + dev verified); runtime via SecurityService.permissionsOf(DB)
MARKETER,catalog.category_schema.write,DENY,DENY,NONE,MATCH,RBAC-parity oracle: ROLE_PERMISSIONS[code] == DB RolePermission (migration-built + dev verified); runtime via SecurityService.permissionsOf(DB)
MARKETER,catalog.media.delete_own,DENY,DENY,NONE,MATCH,RBAC-parity oracle: ROLE_PERMISSIONS[code] == DB RolePermission (migration-built + dev verified); runtime via SecurityService.permissionsOf(DB)
MARKETER,catalog.media.read_for_moderation,DENY,DENY,NONE,MATCH,RBAC-parity oracle: ROLE_PERMISSIONS[code] == DB RolePermission (migration-built + dev verified); runtime via SecurityService.permissionsOf(DB)
MARKETER,catalog.media.reorder_own,DENY,DENY,NONE,MATCH,RBAC-parity oracle: ROLE_PERMISSIONS[code] == DB RolePermission (migration-built + dev verified); runtime via SecurityService.permissionsOf(DB)
MARKETER,catalog.media.set_primary_own,DENY,DENY,NONE,MATCH,RBAC-parity oracle: ROLE_PERMISSIONS[code] == DB RolePermission (migration-built + dev verified); runtime via SecurityService.permissionsOf(DB)
MARKETER,catalog.media.update_own,DENY,DENY,NONE,MATCH,RBAC-parity oracle: ROLE_PERMISSIONS[code] == DB RolePermission (migration-built + dev verified); runtime via SecurityService.permissionsOf(DB)
MARKETER,catalog.media.upload_own,DENY,DENY,NONE,MATCH,RBAC-parity oracle: ROLE_PERMISSIONS[code] == DB RolePermission (migration-built + dev verified); runtime via SecurityService.permissionsOf(DB)
MARKETER,catalog.product.channels_own,DENY,DENY,NONE,MATCH,RBAC-parity oracle: ROLE_PERMISSIONS[code] == DB RolePermission (migration-built + dev verified); runtime via SecurityService.permissionsOf(DB)
MARKETER,catalog.product.create_own,DENY,DENY,NONE,MATCH,RBAC-parity oracle: ROLE_PERMISSIONS[code] == DB RolePermission (migration-built + dev verified); runtime via SecurityService.permissionsOf(DB)
MARKETER,catalog.product.publish,DENY,DENY,NONE,MATCH,RBAC-parity oracle: ROLE_PERMISSIONS[code] == DB RolePermission (migration-built + dev verified); runtime via SecurityService.permissionsOf(DB)
MARKETER,catalog.product.read,GRANT,GRANT,NONE,MATCH,RBAC-parity oracle: ROLE_PERMISSIONS[code] == DB RolePermission (migration-built + dev verified); runtime via SecurityService.permissionsOf(DB)
MARKETER,catalog.product.read_for_moderation,DENY,DENY,NONE,MATCH,RBAC-parity oracle: ROLE_PERMISSIONS[code] == DB RolePermission (migration-built + dev verified); runtime via SecurityService.permissionsOf(DB)
MARKETER,catalog.product.read_own,DENY,DENY,NONE,MATCH,RBAC-parity oracle: ROLE_PERMISSIONS[code] == DB RolePermission (migration-built + dev verified); runtime via SecurityService.permissionsOf(DB)
MARKETER,catalog.product.submit_moderation,DENY,DENY,NONE,MATCH,RBAC-parity oracle: ROLE_PERMISSIONS[code] == DB RolePermission (migration-built + dev verified); runtime via SecurityService.permissionsOf(DB)
MARKETER,catalog.product.update_own_draft,DENY,DENY,NONE,MATCH,RBAC-parity oracle: ROLE_PERMISSIONS[code] == DB RolePermission (migration-built + dev verified); runtime via SecurityService.permissionsOf(DB)
MARKETER,catalog.product.write,DENY,DENY,NONE,MATCH,RBAC-parity oracle: ROLE_PERMISSIONS[code] == DB RolePermission (migration-built + dev verified); runtime via SecurityService.permissionsOf(DB)
MARKETER,catalog.rate_plan.publish,DENY,DENY,NONE,MATCH,RBAC-parity oracle: ROLE_PERMISSIONS[code] == DB RolePermission (migration-built + dev verified); runtime via SecurityService.permissionsOf(DB)
MARKETER,catalog.service_unit.publish,DENY,DENY,NONE,MATCH,RBAC-parity oracle: ROLE_PERMISSIONS[code] == DB RolePermission (migration-built + dev verified); runtime via SecurityService.permissionsOf(DB)
MARKETER,communication.create,DENY,DENY,NONE,MATCH,RBAC-parity oracle: ROLE_PERMISSIONS[code] == DB RolePermission (migration-built + dev verified); runtime via SecurityService.permissionsOf(DB)
MARKETER,communication.read,DENY,DENY,NONE,MATCH,RBAC-parity oracle: ROLE_PERMISSIONS[code] == DB RolePermission (migration-built + dev verified); runtime via SecurityService.permissionsOf(DB)
MARKETER,communication.read_own,DENY,DENY,NONE,MATCH,RBAC-parity oracle: ROLE_PERMISSIONS[code] == DB RolePermission (migration-built + dev verified); runtime via SecurityService.permissionsOf(DB)
MARKETER,communication.write_own,DENY,DENY,NONE,MATCH,RBAC-parity oracle: ROLE_PERMISSIONS[code] == DB RolePermission (migration-built + dev verified); runtime via SecurityService.permissionsOf(DB)
MARKETER,crm.activity.read,GRANT,GRANT,NONE,MATCH,RBAC-parity oracle: ROLE_PERMISSIONS[code] == DB RolePermission (migration-built + dev verified); runtime via SecurityService.permissionsOf(DB)
MARKETER,crm.company.write,DENY,DENY,NONE,MATCH,RBAC-parity oracle: ROLE_PERMISSIONS[code] == DB RolePermission (migration-built + dev verified); runtime via SecurityService.permissionsOf(DB)
MARKETER,crm.contact.write,DENY,DENY,NONE,MATCH,RBAC-parity oracle: ROLE_PERMISSIONS[code] == DB RolePermission (migration-built + dev verified); runtime via SecurityService.permissionsOf(DB)
MARKETER,crm.customer.create_own,DENY,DENY,NONE,MATCH,RBAC-parity oracle: ROLE_PERMISSIONS[code] == DB RolePermission (migration-built + dev verified); runtime via SecurityService.permissionsOf(DB)
MARKETER,crm.customer.read,DENY,DENY,NONE,MATCH,RBAC-parity oracle: ROLE_PERMISSIONS[code] == DB RolePermission (migration-built + dev verified); runtime via SecurityService.permissionsOf(DB)
MARKETER,crm.customer.read_own,DENY,DENY,NONE,MATCH,RBAC-parity oracle: ROLE_PERMISSIONS[code] == DB RolePermission (migration-built + dev verified); runtime via SecurityService.permissionsOf(DB)
MARKETER,crm.customer.update_own,DENY,DENY,NONE,MATCH,RBAC-parity oracle: ROLE_PERMISSIONS[code] == DB RolePermission (migration-built + dev verified); runtime via SecurityService.permissionsOf(DB)
MARKETER,crm.customer.write,DENY,DENY,NONE,MATCH,RBAC-parity oracle: ROLE_PERMISSIONS[code] == DB RolePermission (migration-built + dev verified); runtime via SecurityService.permissionsOf(DB)
MARKETER,crm.partner.read,DENY,DENY,NONE,MATCH,RBAC-parity oracle: ROLE_PERMISSIONS[code] == DB RolePermission (migration-built + dev verified); runtime via SecurityService.permissionsOf(DB)
MARKETER,crm.partner.write,DENY,DENY,NONE,MATCH,RBAC-parity oracle: ROLE_PERMISSIONS[code] == DB RolePermission (migration-built + dev verified); runtime via SecurityService.permissionsOf(DB)
MARKETER,crm.supplier.write,DENY,DENY,NONE,MATCH,RBAC-parity oracle: ROLE_PERMISSIONS[code] == DB RolePermission (migration-built + dev verified); runtime via SecurityService.permissionsOf(DB)
MARKETER,dashboard.attention.read,DENY,DENY,NONE,MATCH,RBAC-parity oracle: ROLE_PERMISSIONS[code] == DB RolePermission (migration-built + dev verified); runtime via SecurityService.permissionsOf(DB)
MARKETER,dashboard.catalog.read,GRANT,GRANT,NONE,MATCH,RBAC-parity oracle: ROLE_PERMISSIONS[code] == DB RolePermission (migration-built + dev verified); runtime via SecurityService.permissionsOf(DB)
MARKETER,dashboard.channels.read,GRANT,GRANT,NONE,MATCH,RBAC-parity oracle: ROLE_PERMISSIONS[code] == DB RolePermission (migration-built + dev verified); runtime via SecurityService.permissionsOf(DB)
MARKETER,dashboard.customize,GRANT,GRANT,NONE,MATCH,RBAC-parity oracle: ROLE_PERMISSIONS[code] == DB RolePermission (migration-built + dev verified); runtime via SecurityService.permissionsOf(DB)
MARKETER,dashboard.executive.read,GRANT,GRANT,NONE,MATCH,RBAC-parity oracle: ROLE_PERMISSIONS[code] == DB RolePermission (migration-built + dev verified); runtime via SecurityService.permissionsOf(DB)
MARKETER,dashboard.financial.read,DENY,DENY,NONE,MATCH,RBAC-parity oracle: ROLE_PERMISSIONS[code] == DB RolePermission (migration-built + dev verified); runtime via SecurityService.permissionsOf(DB)
MARKETER,dashboard.insights.read,GRANT,GRANT,NONE,MATCH,RBAC-parity oracle: ROLE_PERMISSIONS[code] == DB RolePermission (migration-built + dev verified); runtime via SecurityService.permissionsOf(DB)
MARKETER,dashboard.marketplace.read,GRANT,GRANT,NONE,MATCH,RBAC-parity oracle: ROLE_PERMISSIONS[code] == DB RolePermission (migration-built + dev verified); runtime via SecurityService.permissionsOf(DB)
MARKETER,dashboard.operational.read,DENY,DENY,NONE,MATCH,RBAC-parity oracle: ROLE_PERMISSIONS[code] == DB RolePermission (migration-built + dev verified); runtime via SecurityService.permissionsOf(DB)
MARKETER,documents.read,DENY,DENY,NONE,MATCH,RBAC-parity oracle: ROLE_PERMISSIONS[code] == DB RolePermission (migration-built + dev verified); runtime via SecurityService.permissionsOf(DB)
MARKETER,documents.write,DENY,DENY,NONE,MATCH,RBAC-parity oracle: ROLE_PERMISSIONS[code] == DB RolePermission (migration-built + dev verified); runtime via SecurityService.permissionsOf(DB)
MARKETER,finance.commission.manage,DENY,DENY,NONE,MATCH,RBAC-parity oracle: ROLE_PERMISSIONS[code] == DB RolePermission (migration-built + dev verified); runtime via SecurityService.permissionsOf(DB)
MARKETER,finance.commission.read,DENY,DENY,NONE,MATCH,RBAC-parity oracle: ROLE_PERMISSIONS[code] == DB RolePermission (migration-built + dev verified); runtime via SecurityService.permissionsOf(DB)
MARKETER,finance.commission.write,DENY,DENY,NONE,MATCH,RBAC-parity oracle: ROLE_PERMISSIONS[code] == DB RolePermission (migration-built + dev verified); runtime via SecurityService.permissionsOf(DB)
MARKETER,finance.currency.manage,DENY,DENY,NONE,MATCH,RBAC-parity oracle: ROLE_PERMISSIONS[code] == DB RolePermission (migration-built + dev verified); runtime via SecurityService.permissionsOf(DB)
MARKETER,finance.dispute.read,DENY,DENY,NONE,MATCH,RBAC-parity oracle: ROLE_PERMISSIONS[code] == DB RolePermission (migration-built + dev verified); runtime via SecurityService.permissionsOf(DB)
MARKETER,finance.dispute.write,DENY,DENY,NONE,MATCH,RBAC-parity oracle: ROLE_PERMISSIONS[code] == DB RolePermission (migration-built + dev verified); runtime via SecurityService.permissionsOf(DB)
MARKETER,finance.exchange_rate.manage,DENY,DENY,NONE,MATCH,RBAC-parity oracle: ROLE_PERMISSIONS[code] == DB RolePermission (migration-built + dev verified); runtime via SecurityService.permissionsOf(DB)
MARKETER,finance.invoice.read,DENY,DENY,NONE,MATCH,RBAC-parity oracle: ROLE_PERMISSIONS[code] == DB RolePermission (migration-built + dev verified); runtime via SecurityService.permissionsOf(DB)
MARKETER,finance.invoice.write,DENY,DENY,NONE,MATCH,RBAC-parity oracle: ROLE_PERMISSIONS[code] == DB RolePermission (migration-built + dev verified); runtime via SecurityService.permissionsOf(DB)
MARKETER,finance.ledger.read,DENY,DENY,NONE,MATCH,RBAC-parity oracle: ROLE_PERMISSIONS[code] == DB RolePermission (migration-built + dev verified); runtime via SecurityService.permissionsOf(DB)
MARKETER,finance.payment.create,DENY,DENY,NONE,MATCH,RBAC-parity oracle: ROLE_PERMISSIONS[code] == DB RolePermission (migration-built + dev verified); runtime via SecurityService.permissionsOf(DB)
MARKETER,finance.payment.manage,DENY,DENY,NONE,MATCH,RBAC-parity oracle: ROLE_PERMISSIONS[code] == DB RolePermission (migration-built + dev verified); runtime via SecurityService.permissionsOf(DB)
MARKETER,finance.payment.read,DENY,DENY,NONE,MATCH,RBAC-parity oracle: ROLE_PERMISSIONS[code] == DB RolePermission (migration-built + dev verified); runtime via SecurityService.permissionsOf(DB)
MARKETER,finance.payment.write,DENY,DENY,NONE,MATCH,RBAC-parity oracle: ROLE_PERMISSIONS[code] == DB RolePermission (migration-built + dev verified); runtime via SecurityService.permissionsOf(DB)
MARKETER,finance.payout.read,DENY,DENY,NONE,MATCH,RBAC-parity oracle: ROLE_PERMISSIONS[code] == DB RolePermission (migration-built + dev verified); runtime via SecurityService.permissionsOf(DB)
MARKETER,finance.provider_fee.read,DENY,DENY,NONE,MATCH,RBAC-parity oracle: ROLE_PERMISSIONS[code] == DB RolePermission (migration-built + dev verified); runtime via SecurityService.permissionsOf(DB)
MARKETER,finance.refund.approve,DENY,DENY,NONE,MATCH,RBAC-parity oracle: ROLE_PERMISSIONS[code] == DB RolePermission (migration-built + dev verified); runtime via SecurityService.permissionsOf(DB)
MARKETER,finance.refund.execute,DENY,DENY,NONE,MATCH,RBAC-parity oracle: ROLE_PERMISSIONS[code] == DB RolePermission (migration-built + dev verified); runtime via SecurityService.permissionsOf(DB)
MARKETER,finance.refund.read,DENY,DENY,NONE,MATCH,RBAC-parity oracle: ROLE_PERMISSIONS[code] == DB RolePermission (migration-built + dev verified); runtime via SecurityService.permissionsOf(DB)
MARKETER,finance.refund.write,DENY,DENY,NONE,MATCH,RBAC-parity oracle: ROLE_PERMISSIONS[code] == DB RolePermission (migration-built + dev verified); runtime via SecurityService.permissionsOf(DB)
MARKETER,finance.settlement.read,DENY,DENY,NONE,MATCH,RBAC-parity oracle: ROLE_PERMISSIONS[code] == DB RolePermission (migration-built + dev verified); runtime via SecurityService.permissionsOf(DB)
MARKETER,finance.tax.manage,DENY,DENY,NONE,MATCH,RBAC-parity oracle: ROLE_PERMISSIONS[code] == DB RolePermission (migration-built + dev verified); runtime via SecurityService.permissionsOf(DB)
MARKETER,marketing.attribution.manage,GRANT,GRANT,NONE,MATCH,RBAC-parity oracle: ROLE_PERMISSIONS[code] == DB RolePermission (migration-built + dev verified); runtime via SecurityService.permissionsOf(DB)
MARKETER,marketing.attribution.read,GRANT,GRANT,NONE,MATCH,RBAC-parity oracle: ROLE_PERMISSIONS[code] == DB RolePermission (migration-built + dev verified); runtime via SecurityService.permissionsOf(DB)
MARKETER,marketing.audience.manage,GRANT,GRANT,NONE,MATCH,RBAC-parity oracle: ROLE_PERMISSIONS[code] == DB RolePermission (migration-built + dev verified); runtime via SecurityService.permissionsOf(DB)
MARKETER,marketing.audience.read,GRANT,GRANT,NONE,MATCH,RBAC-parity oracle: ROLE_PERMISSIONS[code] == DB RolePermission (migration-built + dev verified); runtime via SecurityService.permissionsOf(DB)
MARKETER,marketing.campaign.create,GRANT,GRANT,NONE,MATCH,RBAC-parity oracle: ROLE_PERMISSIONS[code] == DB RolePermission (migration-built + dev verified); runtime via SecurityService.permissionsOf(DB)
MARKETER,marketing.campaign.delete,GRANT,GRANT,NONE,MATCH,RBAC-parity oracle: ROLE_PERMISSIONS[code] == DB RolePermission (migration-built + dev verified); runtime via SecurityService.permissionsOf(DB)
MARKETER,marketing.campaign.read,GRANT,GRANT,NONE,MATCH,RBAC-parity oracle: ROLE_PERMISSIONS[code] == DB RolePermission (migration-built + dev verified); runtime via SecurityService.permissionsOf(DB)
MARKETER,marketing.campaign.update,GRANT,GRANT,NONE,MATCH,RBAC-parity oracle: ROLE_PERMISSIONS[code] == DB RolePermission (migration-built + dev verified); runtime via SecurityService.permissionsOf(DB)
MARKETER,marketing.read,GRANT,GRANT,NONE,MATCH,RBAC-parity oracle: ROLE_PERMISSIONS[code] == DB RolePermission (migration-built + dev verified); runtime via SecurityService.permissionsOf(DB)
MARKETER,moderation.approve,DENY,DENY,NONE,MATCH,RBAC-parity oracle: ROLE_PERMISSIONS[code] == DB RolePermission (migration-built + dev verified); runtime via SecurityService.permissionsOf(DB)
MARKETER,moderation.reject,DENY,DENY,NONE,MATCH,RBAC-parity oracle: ROLE_PERMISSIONS[code] == DB RolePermission (migration-built + dev verified); runtime via SecurityService.permissionsOf(DB)
MARKETER,moderation.request_changes,DENY,DENY,NONE,MATCH,RBAC-parity oracle: ROLE_PERMISSIONS[code] == DB RolePermission (migration-built + dev verified); runtime via SecurityService.permissionsOf(DB)
MARKETER,moderation.review,DENY,DENY,NONE,MATCH,RBAC-parity oracle: ROLE_PERMISSIONS[code] == DB RolePermission (migration-built + dev verified); runtime via SecurityService.permissionsOf(DB)
MARKETER,operational-notes.create,DENY,DENY,NONE,MATCH,RBAC-parity oracle: ROLE_PERMISSIONS[code] == DB RolePermission (migration-built + dev verified); runtime via SecurityService.permissionsOf(DB)
MARKETER,operational-notes.delete,DENY,DENY,NONE,MATCH,RBAC-parity oracle: ROLE_PERMISSIONS[code] == DB RolePermission (migration-built + dev verified); runtime via SecurityService.permissionsOf(DB)
MARKETER,operational-notes.read,GRANT,GRANT,NONE,MATCH,RBAC-parity oracle: ROLE_PERMISSIONS[code] == DB RolePermission (migration-built + dev verified); runtime via SecurityService.permissionsOf(DB)
MARKETER,operational-notes.update,DENY,DENY,NONE,MATCH,RBAC-parity oracle: ROLE_PERMISSIONS[code] == DB RolePermission (migration-built + dev verified); runtime via SecurityService.permissionsOf(DB)
MARKETER,order.accept,DENY,DENY,NONE,MATCH,RBAC-parity oracle: ROLE_PERMISSIONS[code] == DB RolePermission (migration-built + dev verified); runtime via SecurityService.permissionsOf(DB)
MARKETER,order.cancel,DENY,DENY,NONE,MATCH,RBAC-parity oracle: ROLE_PERMISSIONS[code] == DB RolePermission (migration-built + dev verified); runtime via SecurityService.permissionsOf(DB)
MARKETER,order.close,DENY,DENY,NONE,MATCH,RBAC-parity oracle: ROLE_PERMISSIONS[code] == DB RolePermission (migration-built + dev verified); runtime via SecurityService.permissionsOf(DB)
MARKETER,order.edit_noncritical,DENY,DENY,NONE,MATCH,RBAC-parity oracle: ROLE_PERMISSIONS[code] == DB RolePermission (migration-built + dev verified); runtime via SecurityService.permissionsOf(DB)
MARKETER,order.read,DENY,DENY,NONE,MATCH,RBAC-parity oracle: ROLE_PERMISSIONS[code] == DB RolePermission (migration-built + dev verified); runtime via SecurityService.permissionsOf(DB)
MARKETER,order.request_booking,DENY,DENY,NONE,MATCH,RBAC-parity oracle: ROLE_PERMISSIONS[code] == DB RolePermission (migration-built + dev verified); runtime via SecurityService.permissionsOf(DB)
MARKETER,order.suspend,DENY,DENY,NONE,MATCH,RBAC-parity oracle: ROLE_PERMISSIONS[code] == DB RolePermission (migration-built + dev verified); runtime via SecurityService.permissionsOf(DB)
MARKETER,partner.onboarding.read_own,DENY,DENY,NONE,MATCH,RBAC-parity oracle: ROLE_PERMISSIONS[code] == DB RolePermission (migration-built + dev verified); runtime via SecurityService.permissionsOf(DB)
MARKETER,partner.onboarding.review,DENY,DENY,NONE,MATCH,RBAC-parity oracle: ROLE_PERMISSIONS[code] == DB RolePermission (migration-built + dev verified); runtime via SecurityService.permissionsOf(DB)
MARKETER,partner.onboarding.submit_own,DENY,DENY,NONE,MATCH,RBAC-parity oracle: ROLE_PERMISSIONS[code] == DB RolePermission (migration-built + dev verified); runtime via SecurityService.permissionsOf(DB)
MARKETER,partner.onboarding.update_own,DENY,DENY,NONE,MATCH,RBAC-parity oracle: ROLE_PERMISSIONS[code] == DB RolePermission (migration-built + dev verified); runtime via SecurityService.permissionsOf(DB)
MARKETER,reports.read,GRANT,GRANT,NONE,MATCH,RBAC-parity oracle: ROLE_PERMISSIONS[code] == DB RolePermission (migration-built + dev verified); runtime via SecurityService.permissionsOf(DB)
MARKETER,reverse.capability.read_own,DENY,DENY,NONE,MATCH,RBAC-parity oracle: ROLE_PERMISSIONS[code] == DB RolePermission (migration-built + dev verified); runtime via SecurityService.permissionsOf(DB)
MARKETER,reverse.capability.write_own,DENY,DENY,NONE,MATCH,RBAC-parity oracle: ROLE_PERMISSIONS[code] == DB RolePermission (migration-built + dev verified); runtime via SecurityService.permissionsOf(DB)
MARKETER,reverse.distribution.read_own,DENY,DENY,NONE,MATCH,RBAC-parity oracle: ROLE_PERMISSIONS[code] == DB RolePermission (migration-built + dev verified); runtime via SecurityService.permissionsOf(DB)
MARKETER,reverse.match.run,DENY,DENY,NONE,MATCH,RBAC-parity oracle: ROLE_PERMISSIONS[code] == DB RolePermission (migration-built + dev verified); runtime via SecurityService.permissionsOf(DB)
MARKETER,reverse.proposal.read_own,DENY,DENY,NONE,MATCH,RBAC-parity oracle: ROLE_PERMISSIONS[code] == DB RolePermission (migration-built + dev verified); runtime via SecurityService.permissionsOf(DB)
MARKETER,reverse.proposal.select_own,DENY,DENY,NONE,MATCH,RBAC-parity oracle: ROLE_PERMISSIONS[code] == DB RolePermission (migration-built + dev verified); runtime via SecurityService.permissionsOf(DB)
MARKETER,reverse.proposal.write_own,DENY,DENY,NONE,MATCH,RBAC-parity oracle: ROLE_PERMISSIONS[code] == DB RolePermission (migration-built + dev verified); runtime via SecurityService.permissionsOf(DB)
MARKETER,reverse.request.read_own,DENY,DENY,NONE,MATCH,RBAC-parity oracle: ROLE_PERMISSIONS[code] == DB RolePermission (migration-built + dev verified); runtime via SecurityService.permissionsOf(DB)
MARKETER,reverse.request.write_own,DENY,DENY,NONE,MATCH,RBAC-parity oracle: ROLE_PERMISSIONS[code] == DB RolePermission (migration-built + dev verified); runtime via SecurityService.permissionsOf(DB)
MARKETER,sales.checkout.read,DENY,DENY,NONE,MATCH,RBAC-parity oracle: ROLE_PERMISSIONS[code] == DB RolePermission (migration-built + dev verified); runtime via SecurityService.permissionsOf(DB)
MARKETER,sales.checkout.write,DENY,DENY,NONE,MATCH,RBAC-parity oracle: ROLE_PERMISSIONS[code] == DB RolePermission (migration-built + dev verified); runtime via SecurityService.permissionsOf(DB)
MARKETER,sales.kpi.read,GRANT,GRANT,NONE,MATCH,RBAC-parity oracle: ROLE_PERMISSIONS[code] == DB RolePermission (migration-built + dev verified); runtime via SecurityService.permissionsOf(DB)
MARKETER,sales.lead.read,DENY,DENY,NONE,MATCH,RBAC-parity oracle: ROLE_PERMISSIONS[code] == DB RolePermission (migration-built + dev verified); runtime via SecurityService.permissionsOf(DB)
MARKETER,sales.lead.write,DENY,DENY,NONE,MATCH,RBAC-parity oracle: ROLE_PERMISSIONS[code] == DB RolePermission (migration-built + dev verified); runtime via SecurityService.permissionsOf(DB)
MARKETER,sales.opportunity.read,DENY,DENY,NONE,MATCH,RBAC-parity oracle: ROLE_PERMISSIONS[code] == DB RolePermission (migration-built + dev verified); runtime via SecurityService.permissionsOf(DB)
MARKETER,sales.opportunity.write,DENY,DENY,NONE,MATCH,RBAC-parity oracle: ROLE_PERMISSIONS[code] == DB RolePermission (migration-built + dev verified); runtime via SecurityService.permissionsOf(DB)
MARKETER,sales.quote.approve,DENY,DENY,NONE,MATCH,RBAC-parity oracle: ROLE_PERMISSIONS[code] == DB RolePermission (migration-built + dev verified); runtime via SecurityService.permissionsOf(DB)
MARKETER,sales.quote.read,DENY,DENY,NONE,MATCH,RBAC-parity oracle: ROLE_PERMISSIONS[code] == DB RolePermission (migration-built + dev verified); runtime via SecurityService.permissionsOf(DB)
MARKETER,sales.quote.write,DENY,DENY,NONE,MATCH,RBAC-parity oracle: ROLE_PERMISSIONS[code] == DB RolePermission (migration-built + dev verified); runtime via SecurityService.permissionsOf(DB)
MARKETER,sales.sale.complete,DENY,DENY,NONE,MATCH,RBAC-parity oracle: ROLE_PERMISSIONS[code] == DB RolePermission (migration-built + dev verified); runtime via SecurityService.permissionsOf(DB)
MARKETER,sales.sale.read,DENY,DENY,NONE,MATCH,RBAC-parity oracle: ROLE_PERMISSIONS[code] == DB RolePermission (migration-built + dev verified); runtime via SecurityService.permissionsOf(DB)
MARKETER,sales.sale.write,DENY,DENY,NONE,MATCH,RBAC-parity oracle: ROLE_PERMISSIONS[code] == DB RolePermission (migration-built + dev verified); runtime via SecurityService.permissionsOf(DB)
MARKETER,seller_public_profile.approve_alias,DENY,DENY,NONE,MATCH,RBAC-parity oracle: ROLE_PERMISSIONS[code] == DB RolePermission (migration-built + dev verified); runtime via SecurityService.permissionsOf(DB)
MARKETER,seller_public_profile.approve_brand,DENY,DENY,NONE,MATCH,RBAC-parity oracle: ROLE_PERMISSIONS[code] == DB RolePermission (migration-built + dev verified); runtime via SecurityService.permissionsOf(DB)
MARKETER,seller_public_profile.hide_identity,DENY,DENY,NONE,MATCH,RBAC-parity oracle: ROLE_PERMISSIONS[code] == DB RolePermission (migration-built + dev verified); runtime via SecurityService.permissionsOf(DB)
MARKETER,seller_public_profile.propose,DENY,DENY,NONE,MATCH,RBAC-parity oracle: ROLE_PERMISSIONS[code] == DB RolePermission (migration-built + dev verified); runtime via SecurityService.permissionsOf(DB)
MARKETER,seller_public_profile.read_own,DENY,DENY,NONE,MATCH,RBAC-parity oracle: ROLE_PERMISSIONS[code] == DB RolePermission (migration-built + dev verified); runtime via SecurityService.permissionsOf(DB)
MARKETER,seller_public_profile.request_changes,DENY,DENY,NONE,MATCH,RBAC-parity oracle: ROLE_PERMISSIONS[code] == DB RolePermission (migration-built + dev verified); runtime via SecurityService.permissionsOf(DB)
MARKETER,seller_public_profile.review,DENY,DENY,NONE,MATCH,RBAC-parity oracle: ROLE_PERMISSIONS[code] == DB RolePermission (migration-built + dev verified); runtime via SecurityService.permissionsOf(DB)
MARKETER,settings.read,GRANT,GRANT,NONE,MATCH,RBAC-parity oracle: ROLE_PERMISSIONS[code] == DB RolePermission (migration-built + dev verified); runtime via SecurityService.permissionsOf(DB)
MARKETER,settings.write,DENY,DENY,NONE,MATCH,RBAC-parity oracle: ROLE_PERMISSIONS[code] == DB RolePermission (migration-built + dev verified); runtime via SecurityService.permissionsOf(DB)
MARKETER,storefront.activate_own,DENY,DENY,NONE,MATCH,RBAC-parity oracle: ROLE_PERMISSIONS[code] == DB RolePermission (migration-built + dev verified); runtime via SecurityService.permissionsOf(DB)
MARKETER,storefront.create_own,DENY,DENY,NONE,MATCH,RBAC-parity oracle: ROLE_PERMISSIONS[code] == DB RolePermission (migration-built + dev verified); runtime via SecurityService.permissionsOf(DB)
MARKETER,storefront.entitlement.manage,DENY,DENY,NONE,MATCH,RBAC-parity oracle: ROLE_PERMISSIONS[code] == DB RolePermission (migration-built + dev verified); runtime via SecurityService.permissionsOf(DB)
MARKETER,storefront.read_own,DENY,DENY,NONE,MATCH,RBAC-parity oracle: ROLE_PERMISSIONS[code] == DB RolePermission (migration-built + dev verified); runtime via SecurityService.permissionsOf(DB)
MARKETER,storefront.update_own,DENY,DENY,NONE,MATCH,RBAC-parity oracle: ROLE_PERMISSIONS[code] == DB RolePermission (migration-built + dev verified); runtime via SecurityService.permissionsOf(DB)
MARKETER,support.case.assign,DENY,DENY,NONE,MATCH,RBAC-parity oracle: ROLE_PERMISSIONS[code] == DB RolePermission (migration-built + dev verified); runtime via SecurityService.permissionsOf(DB)
MARKETER,support.case.create,DENY,DENY,NONE,MATCH,RBAC-parity oracle: ROLE_PERMISSIONS[code] == DB RolePermission (migration-built + dev verified); runtime via SecurityService.permissionsOf(DB)
MARKETER,support.case.delete,DENY,DENY,NONE,MATCH,RBAC-parity oracle: ROLE_PERMISSIONS[code] == DB RolePermission (migration-built + dev verified); runtime via SecurityService.permissionsOf(DB)
MARKETER,support.case.read,DENY,DENY,NONE,MATCH,RBAC-parity oracle: ROLE_PERMISSIONS[code] == DB RolePermission (migration-built + dev verified); runtime via SecurityService.permissionsOf(DB)
MARKETER,support.case.update,DENY,DENY,NONE,MATCH,RBAC-parity oracle: ROLE_PERMISSIONS[code] == DB RolePermission (migration-built + dev verified); runtime via SecurityService.permissionsOf(DB)
MARKETER,support.read,DENY,DENY,NONE,MATCH,RBAC-parity oracle: ROLE_PERMISSIONS[code] == DB RolePermission (migration-built + dev verified); runtime via SecurityService.permissionsOf(DB)
MARKETER,support.write,DENY,DENY,NONE,MATCH,RBAC-parity oracle: ROLE_PERMISSIONS[code] == DB RolePermission (migration-built + dev verified); runtime via SecurityService.permissionsOf(DB)
ANALYST,account.booking.read_own,DENY,DENY,NONE,MATCH,RBAC-parity oracle: ROLE_PERMISSIONS[code] == DB RolePermission (migration-built + dev verified); runtime via SecurityService.permissionsOf(DB)
ANALYST,account.document.read_own,DENY,DENY,NONE,MATCH,RBAC-parity oracle: ROLE_PERMISSIONS[code] == DB RolePermission (migration-built + dev verified); runtime via SecurityService.permissionsOf(DB)
ANALYST,account.order.read_own,DENY,DENY,NONE,MATCH,RBAC-parity oracle: ROLE_PERMISSIONS[code] == DB RolePermission (migration-built + dev verified); runtime via SecurityService.permissionsOf(DB)
ANALYST,account.payment.read_own,DENY,DENY,NONE,MATCH,RBAC-parity oracle: ROLE_PERMISSIONS[code] == DB RolePermission (migration-built + dev verified); runtime via SecurityService.permissionsOf(DB)
ANALYST,account.profile.read,GRANT,GRANT,NONE,MATCH,RBAC-parity oracle: ROLE_PERMISSIONS[code] == DB RolePermission (migration-built + dev verified); runtime via SecurityService.permissionsOf(DB)
ANALYST,account.profile.update,GRANT,GRANT,NONE,MATCH,RBAC-parity oracle: ROLE_PERMISSIONS[code] == DB RolePermission (migration-built + dev verified); runtime via SecurityService.permissionsOf(DB)
ANALYST,account.support.read_own,DENY,DENY,NONE,MATCH,RBAC-parity oracle: ROLE_PERMISSIONS[code] == DB RolePermission (migration-built + dev verified); runtime via SecurityService.permissionsOf(DB)
ANALYST,analytics.read,GRANT,GRANT,NONE,MATCH,RBAC-parity oracle: ROLE_PERMISSIONS[code] == DB RolePermission (migration-built + dev verified); runtime via SecurityService.permissionsOf(DB)
ANALYST,audit.read,GRANT,GRANT,NONE,MATCH,RBAC-parity oracle: ROLE_PERMISSIONS[code] == DB RolePermission (migration-built + dev verified); runtime via SecurityService.permissionsOf(DB)
ANALYST,booking.cancel,DENY,DENY,NONE,MATCH,RBAC-parity oracle: ROLE_PERMISSIONS[code] == DB RolePermission (migration-built + dev verified); runtime via SecurityService.permissionsOf(DB)
ANALYST,booking.confirm,DENY,DENY,NONE,MATCH,RBAC-parity oracle: ROLE_PERMISSIONS[code] == DB RolePermission (migration-built + dev verified); runtime via SecurityService.permissionsOf(DB)
ANALYST,booking.read,GRANT,GRANT,NONE,MATCH,RBAC-parity oracle: ROLE_PERMISSIONS[code] == DB RolePermission (migration-built + dev verified); runtime via SecurityService.permissionsOf(DB)
ANALYST,booking.request_change,DENY,DENY,NONE,MATCH,RBAC-parity oracle: ROLE_PERMISSIONS[code] == DB RolePermission (migration-built + dev verified); runtime via SecurityService.permissionsOf(DB)
ANALYST,booking.send_supplier,DENY,DENY,NONE,MATCH,RBAC-parity oracle: ROLE_PERMISSIONS[code] == DB RolePermission (migration-built + dev verified); runtime via SecurityService.permissionsOf(DB)
ANALYST,catalog.availability.write,DENY,DENY,NONE,MATCH,RBAC-parity oracle: ROLE_PERMISSIONS[code] == DB RolePermission (migration-built + dev verified); runtime via SecurityService.permissionsOf(DB)
ANALYST,catalog.category.write,DENY,DENY,NONE,MATCH,RBAC-parity oracle: ROLE_PERMISSIONS[code] == DB RolePermission (migration-built + dev verified); runtime via SecurityService.permissionsOf(DB)
ANALYST,catalog.category_schema.read,DENY,DENY,NONE,MATCH,RBAC-parity oracle: ROLE_PERMISSIONS[code] == DB RolePermission (migration-built + dev verified); runtime via SecurityService.permissionsOf(DB)
ANALYST,catalog.category_schema.read_active_for_product_edit,DENY,DENY,NONE,MATCH,RBAC-parity oracle: ROLE_PERMISSIONS[code] == DB RolePermission (migration-built + dev verified); runtime via SecurityService.permissionsOf(DB)
ANALYST,catalog.category_schema.write,DENY,DENY,NONE,MATCH,RBAC-parity oracle: ROLE_PERMISSIONS[code] == DB RolePermission (migration-built + dev verified); runtime via SecurityService.permissionsOf(DB)
ANALYST,catalog.media.delete_own,DENY,DENY,NONE,MATCH,RBAC-parity oracle: ROLE_PERMISSIONS[code] == DB RolePermission (migration-built + dev verified); runtime via SecurityService.permissionsOf(DB)
ANALYST,catalog.media.read_for_moderation,DENY,DENY,NONE,MATCH,RBAC-parity oracle: ROLE_PERMISSIONS[code] == DB RolePermission (migration-built + dev verified); runtime via SecurityService.permissionsOf(DB)
ANALYST,catalog.media.reorder_own,DENY,DENY,NONE,MATCH,RBAC-parity oracle: ROLE_PERMISSIONS[code] == DB RolePermission (migration-built + dev verified); runtime via SecurityService.permissionsOf(DB)
ANALYST,catalog.media.set_primary_own,DENY,DENY,NONE,MATCH,RBAC-parity oracle: ROLE_PERMISSIONS[code] == DB RolePermission (migration-built + dev verified); runtime via SecurityService.permissionsOf(DB)
ANALYST,catalog.media.update_own,DENY,DENY,NONE,MATCH,RBAC-parity oracle: ROLE_PERMISSIONS[code] == DB RolePermission (migration-built + dev verified); runtime via SecurityService.permissionsOf(DB)
ANALYST,catalog.media.upload_own,DENY,DENY,NONE,MATCH,RBAC-parity oracle: ROLE_PERMISSIONS[code] == DB RolePermission (migration-built + dev verified); runtime via SecurityService.permissionsOf(DB)
ANALYST,catalog.product.channels_own,DENY,DENY,NONE,MATCH,RBAC-parity oracle: ROLE_PERMISSIONS[code] == DB RolePermission (migration-built + dev verified); runtime via SecurityService.permissionsOf(DB)
ANALYST,catalog.product.create_own,DENY,DENY,NONE,MATCH,RBAC-parity oracle: ROLE_PERMISSIONS[code] == DB RolePermission (migration-built + dev verified); runtime via SecurityService.permissionsOf(DB)
ANALYST,catalog.product.publish,DENY,DENY,NONE,MATCH,RBAC-parity oracle: ROLE_PERMISSIONS[code] == DB RolePermission (migration-built + dev verified); runtime via SecurityService.permissionsOf(DB)
ANALYST,catalog.product.read,GRANT,GRANT,NONE,MATCH,RBAC-parity oracle: ROLE_PERMISSIONS[code] == DB RolePermission (migration-built + dev verified); runtime via SecurityService.permissionsOf(DB)
ANALYST,catalog.product.read_for_moderation,DENY,DENY,NONE,MATCH,RBAC-parity oracle: ROLE_PERMISSIONS[code] == DB RolePermission (migration-built + dev verified); runtime via SecurityService.permissionsOf(DB)
ANALYST,catalog.product.read_own,DENY,DENY,NONE,MATCH,RBAC-parity oracle: ROLE_PERMISSIONS[code] == DB RolePermission (migration-built + dev verified); runtime via SecurityService.permissionsOf(DB)
ANALYST,catalog.product.submit_moderation,DENY,DENY,NONE,MATCH,RBAC-parity oracle: ROLE_PERMISSIONS[code] == DB RolePermission (migration-built + dev verified); runtime via SecurityService.permissionsOf(DB)
ANALYST,catalog.product.update_own_draft,DENY,DENY,NONE,MATCH,RBAC-parity oracle: ROLE_PERMISSIONS[code] == DB RolePermission (migration-built + dev verified); runtime via SecurityService.permissionsOf(DB)
ANALYST,catalog.product.write,DENY,DENY,NONE,MATCH,RBAC-parity oracle: ROLE_PERMISSIONS[code] == DB RolePermission (migration-built + dev verified); runtime via SecurityService.permissionsOf(DB)
ANALYST,catalog.rate_plan.publish,DENY,DENY,NONE,MATCH,RBAC-parity oracle: ROLE_PERMISSIONS[code] == DB RolePermission (migration-built + dev verified); runtime via SecurityService.permissionsOf(DB)
ANALYST,catalog.service_unit.publish,DENY,DENY,NONE,MATCH,RBAC-parity oracle: ROLE_PERMISSIONS[code] == DB RolePermission (migration-built + dev verified); runtime via SecurityService.permissionsOf(DB)
ANALYST,communication.create,DENY,DENY,NONE,MATCH,RBAC-parity oracle: ROLE_PERMISSIONS[code] == DB RolePermission (migration-built + dev verified); runtime via SecurityService.permissionsOf(DB)
ANALYST,communication.read,DENY,DENY,NONE,MATCH,RBAC-parity oracle: ROLE_PERMISSIONS[code] == DB RolePermission (migration-built + dev verified); runtime via SecurityService.permissionsOf(DB)
ANALYST,communication.read_own,DENY,DENY,NONE,MATCH,RBAC-parity oracle: ROLE_PERMISSIONS[code] == DB RolePermission (migration-built + dev verified); runtime via SecurityService.permissionsOf(DB)
ANALYST,communication.write_own,DENY,DENY,NONE,MATCH,RBAC-parity oracle: ROLE_PERMISSIONS[code] == DB RolePermission (migration-built + dev verified); runtime via SecurityService.permissionsOf(DB)
ANALYST,crm.activity.read,GRANT,GRANT,NONE,MATCH,RBAC-parity oracle: ROLE_PERMISSIONS[code] == DB RolePermission (migration-built + dev verified); runtime via SecurityService.permissionsOf(DB)
ANALYST,crm.company.write,DENY,DENY,NONE,MATCH,RBAC-parity oracle: ROLE_PERMISSIONS[code] == DB RolePermission (migration-built + dev verified); runtime via SecurityService.permissionsOf(DB)
ANALYST,crm.contact.write,DENY,DENY,NONE,MATCH,RBAC-parity oracle: ROLE_PERMISSIONS[code] == DB RolePermission (migration-built + dev verified); runtime via SecurityService.permissionsOf(DB)
ANALYST,crm.customer.create_own,DENY,DENY,NONE,MATCH,RBAC-parity oracle: ROLE_PERMISSIONS[code] == DB RolePermission (migration-built + dev verified); runtime via SecurityService.permissionsOf(DB)
ANALYST,crm.customer.read,DENY,DENY,NONE,MATCH,RBAC-parity oracle: ROLE_PERMISSIONS[code] == DB RolePermission (migration-built + dev verified); runtime via SecurityService.permissionsOf(DB)
ANALYST,crm.customer.read_own,DENY,DENY,NONE,MATCH,RBAC-parity oracle: ROLE_PERMISSIONS[code] == DB RolePermission (migration-built + dev verified); runtime via SecurityService.permissionsOf(DB)
ANALYST,crm.customer.update_own,DENY,DENY,NONE,MATCH,RBAC-parity oracle: ROLE_PERMISSIONS[code] == DB RolePermission (migration-built + dev verified); runtime via SecurityService.permissionsOf(DB)
ANALYST,crm.customer.write,DENY,DENY,NONE,MATCH,RBAC-parity oracle: ROLE_PERMISSIONS[code] == DB RolePermission (migration-built + dev verified); runtime via SecurityService.permissionsOf(DB)
ANALYST,crm.partner.read,DENY,DENY,NONE,MATCH,RBAC-parity oracle: ROLE_PERMISSIONS[code] == DB RolePermission (migration-built + dev verified); runtime via SecurityService.permissionsOf(DB)
ANALYST,crm.partner.write,DENY,DENY,NONE,MATCH,RBAC-parity oracle: ROLE_PERMISSIONS[code] == DB RolePermission (migration-built + dev verified); runtime via SecurityService.permissionsOf(DB)
ANALYST,crm.supplier.write,DENY,DENY,NONE,MATCH,RBAC-parity oracle: ROLE_PERMISSIONS[code] == DB RolePermission (migration-built + dev verified); runtime via SecurityService.permissionsOf(DB)
ANALYST,dashboard.attention.read,DENY,DENY,NONE,MATCH,RBAC-parity oracle: ROLE_PERMISSIONS[code] == DB RolePermission (migration-built + dev verified); runtime via SecurityService.permissionsOf(DB)
ANALYST,dashboard.catalog.read,GRANT,GRANT,NONE,MATCH,RBAC-parity oracle: ROLE_PERMISSIONS[code] == DB RolePermission (migration-built + dev verified); runtime via SecurityService.permissionsOf(DB)
ANALYST,dashboard.channels.read,DENY,DENY,NONE,MATCH,RBAC-parity oracle: ROLE_PERMISSIONS[code] == DB RolePermission (migration-built + dev verified); runtime via SecurityService.permissionsOf(DB)
ANALYST,dashboard.customize,GRANT,GRANT,NONE,MATCH,RBAC-parity oracle: ROLE_PERMISSIONS[code] == DB RolePermission (migration-built + dev verified); runtime via SecurityService.permissionsOf(DB)
ANALYST,dashboard.executive.read,GRANT,GRANT,NONE,MATCH,RBAC-parity oracle: ROLE_PERMISSIONS[code] == DB RolePermission (migration-built + dev verified); runtime via SecurityService.permissionsOf(DB)
ANALYST,dashboard.financial.read,GRANT,GRANT,NONE,MATCH,RBAC-parity oracle: ROLE_PERMISSIONS[code] == DB RolePermission (migration-built + dev verified); runtime via SecurityService.permissionsOf(DB)
ANALYST,dashboard.insights.read,DENY,DENY,NONE,MATCH,RBAC-parity oracle: ROLE_PERMISSIONS[code] == DB RolePermission (migration-built + dev verified); runtime via SecurityService.permissionsOf(DB)
ANALYST,dashboard.marketplace.read,GRANT,GRANT,NONE,MATCH,RBAC-parity oracle: ROLE_PERMISSIONS[code] == DB RolePermission (migration-built + dev verified); runtime via SecurityService.permissionsOf(DB)
ANALYST,dashboard.operational.read,GRANT,GRANT,NONE,MATCH,RBAC-parity oracle: ROLE_PERMISSIONS[code] == DB RolePermission (migration-built + dev verified); runtime via SecurityService.permissionsOf(DB)
ANALYST,documents.read,GRANT,GRANT,NONE,MATCH,RBAC-parity oracle: ROLE_PERMISSIONS[code] == DB RolePermission (migration-built + dev verified); runtime via SecurityService.permissionsOf(DB)
ANALYST,documents.write,DENY,DENY,NONE,MATCH,RBAC-parity oracle: ROLE_PERMISSIONS[code] == DB RolePermission (migration-built + dev verified); runtime via SecurityService.permissionsOf(DB)
ANALYST,finance.commission.manage,DENY,DENY,NONE,MATCH,RBAC-parity oracle: ROLE_PERMISSIONS[code] == DB RolePermission (migration-built + dev verified); runtime via SecurityService.permissionsOf(DB)
ANALYST,finance.commission.read,GRANT,GRANT,NONE,MATCH,RBAC-parity oracle: ROLE_PERMISSIONS[code] == DB RolePermission (migration-built + dev verified); runtime via SecurityService.permissionsOf(DB)
ANALYST,finance.commission.write,DENY,DENY,NONE,MATCH,RBAC-parity oracle: ROLE_PERMISSIONS[code] == DB RolePermission (migration-built + dev verified); runtime via SecurityService.permissionsOf(DB)
ANALYST,finance.currency.manage,DENY,DENY,NONE,MATCH,RBAC-parity oracle: ROLE_PERMISSIONS[code] == DB RolePermission (migration-built + dev verified); runtime via SecurityService.permissionsOf(DB)
ANALYST,finance.dispute.read,GRANT,GRANT,NONE,MATCH,RBAC-parity oracle: ROLE_PERMISSIONS[code] == DB RolePermission (migration-built + dev verified); runtime via SecurityService.permissionsOf(DB)
ANALYST,finance.dispute.write,DENY,DENY,NONE,MATCH,RBAC-parity oracle: ROLE_PERMISSIONS[code] == DB RolePermission (migration-built + dev verified); runtime via SecurityService.permissionsOf(DB)
ANALYST,finance.exchange_rate.manage,DENY,DENY,NONE,MATCH,RBAC-parity oracle: ROLE_PERMISSIONS[code] == DB RolePermission (migration-built + dev verified); runtime via SecurityService.permissionsOf(DB)
ANALYST,finance.invoice.read,GRANT,GRANT,NONE,MATCH,RBAC-parity oracle: ROLE_PERMISSIONS[code] == DB RolePermission (migration-built + dev verified); runtime via SecurityService.permissionsOf(DB)
ANALYST,finance.invoice.write,DENY,DENY,NONE,MATCH,RBAC-parity oracle: ROLE_PERMISSIONS[code] == DB RolePermission (migration-built + dev verified); runtime via SecurityService.permissionsOf(DB)
ANALYST,finance.ledger.read,GRANT,GRANT,NONE,MATCH,RBAC-parity oracle: ROLE_PERMISSIONS[code] == DB RolePermission (migration-built + dev verified); runtime via SecurityService.permissionsOf(DB)
ANALYST,finance.payment.create,DENY,DENY,NONE,MATCH,RBAC-parity oracle: ROLE_PERMISSIONS[code] == DB RolePermission (migration-built + dev verified); runtime via SecurityService.permissionsOf(DB)
ANALYST,finance.payment.manage,DENY,DENY,NONE,MATCH,RBAC-parity oracle: ROLE_PERMISSIONS[code] == DB RolePermission (migration-built + dev verified); runtime via SecurityService.permissionsOf(DB)
ANALYST,finance.payment.read,GRANT,GRANT,NONE,MATCH,RBAC-parity oracle: ROLE_PERMISSIONS[code] == DB RolePermission (migration-built + dev verified); runtime via SecurityService.permissionsOf(DB)
ANALYST,finance.payment.write,DENY,DENY,NONE,MATCH,RBAC-parity oracle: ROLE_PERMISSIONS[code] == DB RolePermission (migration-built + dev verified); runtime via SecurityService.permissionsOf(DB)
ANALYST,finance.payout.read,GRANT,GRANT,NONE,MATCH,RBAC-parity oracle: ROLE_PERMISSIONS[code] == DB RolePermission (migration-built + dev verified); runtime via SecurityService.permissionsOf(DB)
ANALYST,finance.provider_fee.read,GRANT,GRANT,NONE,MATCH,RBAC-parity oracle: ROLE_PERMISSIONS[code] == DB RolePermission (migration-built + dev verified); runtime via SecurityService.permissionsOf(DB)
ANALYST,finance.refund.approve,DENY,DENY,NONE,MATCH,RBAC-parity oracle: ROLE_PERMISSIONS[code] == DB RolePermission (migration-built + dev verified); runtime via SecurityService.permissionsOf(DB)
ANALYST,finance.refund.execute,DENY,DENY,NONE,MATCH,RBAC-parity oracle: ROLE_PERMISSIONS[code] == DB RolePermission (migration-built + dev verified); runtime via SecurityService.permissionsOf(DB)
ANALYST,finance.refund.read,GRANT,GRANT,NONE,MATCH,RBAC-parity oracle: ROLE_PERMISSIONS[code] == DB RolePermission (migration-built + dev verified); runtime via SecurityService.permissionsOf(DB)
ANALYST,finance.refund.write,DENY,DENY,NONE,MATCH,RBAC-parity oracle: ROLE_PERMISSIONS[code] == DB RolePermission (migration-built + dev verified); runtime via SecurityService.permissionsOf(DB)
ANALYST,finance.settlement.read,GRANT,GRANT,NONE,MATCH,RBAC-parity oracle: ROLE_PERMISSIONS[code] == DB RolePermission (migration-built + dev verified); runtime via SecurityService.permissionsOf(DB)
ANALYST,finance.tax.manage,DENY,DENY,NONE,MATCH,RBAC-parity oracle: ROLE_PERMISSIONS[code] == DB RolePermission (migration-built + dev verified); runtime via SecurityService.permissionsOf(DB)
ANALYST,marketing.attribution.manage,DENY,DENY,NONE,MATCH,RBAC-parity oracle: ROLE_PERMISSIONS[code] == DB RolePermission (migration-built + dev verified); runtime via SecurityService.permissionsOf(DB)
ANALYST,marketing.attribution.read,DENY,DENY,NONE,MATCH,RBAC-parity oracle: ROLE_PERMISSIONS[code] == DB RolePermission (migration-built + dev verified); runtime via SecurityService.permissionsOf(DB)
ANALYST,marketing.audience.manage,DENY,DENY,NONE,MATCH,RBAC-parity oracle: ROLE_PERMISSIONS[code] == DB RolePermission (migration-built + dev verified); runtime via SecurityService.permissionsOf(DB)
ANALYST,marketing.audience.read,DENY,DENY,NONE,MATCH,RBAC-parity oracle: ROLE_PERMISSIONS[code] == DB RolePermission (migration-built + dev verified); runtime via SecurityService.permissionsOf(DB)
ANALYST,marketing.campaign.create,DENY,DENY,NONE,MATCH,RBAC-parity oracle: ROLE_PERMISSIONS[code] == DB RolePermission (migration-built + dev verified); runtime via SecurityService.permissionsOf(DB)
ANALYST,marketing.campaign.delete,DENY,DENY,NONE,MATCH,RBAC-parity oracle: ROLE_PERMISSIONS[code] == DB RolePermission (migration-built + dev verified); runtime via SecurityService.permissionsOf(DB)
ANALYST,marketing.campaign.read,DENY,DENY,NONE,MATCH,RBAC-parity oracle: ROLE_PERMISSIONS[code] == DB RolePermission (migration-built + dev verified); runtime via SecurityService.permissionsOf(DB)
ANALYST,marketing.campaign.update,DENY,DENY,NONE,MATCH,RBAC-parity oracle: ROLE_PERMISSIONS[code] == DB RolePermission (migration-built + dev verified); runtime via SecurityService.permissionsOf(DB)
ANALYST,marketing.read,DENY,DENY,NONE,MATCH,RBAC-parity oracle: ROLE_PERMISSIONS[code] == DB RolePermission (migration-built + dev verified); runtime via SecurityService.permissionsOf(DB)
ANALYST,moderation.approve,DENY,DENY,NONE,MATCH,RBAC-parity oracle: ROLE_PERMISSIONS[code] == DB RolePermission (migration-built + dev verified); runtime via SecurityService.permissionsOf(DB)
ANALYST,moderation.reject,DENY,DENY,NONE,MATCH,RBAC-parity oracle: ROLE_PERMISSIONS[code] == DB RolePermission (migration-built + dev verified); runtime via SecurityService.permissionsOf(DB)
ANALYST,moderation.request_changes,DENY,DENY,NONE,MATCH,RBAC-parity oracle: ROLE_PERMISSIONS[code] == DB RolePermission (migration-built + dev verified); runtime via SecurityService.permissionsOf(DB)
ANALYST,moderation.review,DENY,DENY,NONE,MATCH,RBAC-parity oracle: ROLE_PERMISSIONS[code] == DB RolePermission (migration-built + dev verified); runtime via SecurityService.permissionsOf(DB)
ANALYST,operational-notes.create,DENY,DENY,NONE,MATCH,RBAC-parity oracle: ROLE_PERMISSIONS[code] == DB RolePermission (migration-built + dev verified); runtime via SecurityService.permissionsOf(DB)
ANALYST,operational-notes.delete,DENY,DENY,NONE,MATCH,RBAC-parity oracle: ROLE_PERMISSIONS[code] == DB RolePermission (migration-built + dev verified); runtime via SecurityService.permissionsOf(DB)
ANALYST,operational-notes.read,GRANT,GRANT,NONE,MATCH,RBAC-parity oracle: ROLE_PERMISSIONS[code] == DB RolePermission (migration-built + dev verified); runtime via SecurityService.permissionsOf(DB)
ANALYST,operational-notes.update,DENY,DENY,NONE,MATCH,RBAC-parity oracle: ROLE_PERMISSIONS[code] == DB RolePermission (migration-built + dev verified); runtime via SecurityService.permissionsOf(DB)
ANALYST,order.accept,DENY,DENY,NONE,MATCH,RBAC-parity oracle: ROLE_PERMISSIONS[code] == DB RolePermission (migration-built + dev verified); runtime via SecurityService.permissionsOf(DB)
ANALYST,order.cancel,DENY,DENY,NONE,MATCH,RBAC-parity oracle: ROLE_PERMISSIONS[code] == DB RolePermission (migration-built + dev verified); runtime via SecurityService.permissionsOf(DB)
ANALYST,order.close,DENY,DENY,NONE,MATCH,RBAC-parity oracle: ROLE_PERMISSIONS[code] == DB RolePermission (migration-built + dev verified); runtime via SecurityService.permissionsOf(DB)
ANALYST,order.edit_noncritical,DENY,DENY,NONE,MATCH,RBAC-parity oracle: ROLE_PERMISSIONS[code] == DB RolePermission (migration-built + dev verified); runtime via SecurityService.permissionsOf(DB)
ANALYST,order.read,GRANT,GRANT,NONE,MATCH,RBAC-parity oracle: ROLE_PERMISSIONS[code] == DB RolePermission (migration-built + dev verified); runtime via SecurityService.permissionsOf(DB)
ANALYST,order.request_booking,DENY,DENY,NONE,MATCH,RBAC-parity oracle: ROLE_PERMISSIONS[code] == DB RolePermission (migration-built + dev verified); runtime via SecurityService.permissionsOf(DB)
ANALYST,order.suspend,DENY,DENY,NONE,MATCH,RBAC-parity oracle: ROLE_PERMISSIONS[code] == DB RolePermission (migration-built + dev verified); runtime via SecurityService.permissionsOf(DB)
ANALYST,partner.onboarding.read_own,DENY,DENY,NONE,MATCH,RBAC-parity oracle: ROLE_PERMISSIONS[code] == DB RolePermission (migration-built + dev verified); runtime via SecurityService.permissionsOf(DB)
ANALYST,partner.onboarding.review,DENY,DENY,NONE,MATCH,RBAC-parity oracle: ROLE_PERMISSIONS[code] == DB RolePermission (migration-built + dev verified); runtime via SecurityService.permissionsOf(DB)
ANALYST,partner.onboarding.submit_own,DENY,DENY,NONE,MATCH,RBAC-parity oracle: ROLE_PERMISSIONS[code] == DB RolePermission (migration-built + dev verified); runtime via SecurityService.permissionsOf(DB)
ANALYST,partner.onboarding.update_own,DENY,DENY,NONE,MATCH,RBAC-parity oracle: ROLE_PERMISSIONS[code] == DB RolePermission (migration-built + dev verified); runtime via SecurityService.permissionsOf(DB)
ANALYST,reports.read,GRANT,GRANT,NONE,MATCH,RBAC-parity oracle: ROLE_PERMISSIONS[code] == DB RolePermission (migration-built + dev verified); runtime via SecurityService.permissionsOf(DB)
ANALYST,reverse.capability.read_own,DENY,DENY,NONE,MATCH,RBAC-parity oracle: ROLE_PERMISSIONS[code] == DB RolePermission (migration-built + dev verified); runtime via SecurityService.permissionsOf(DB)
ANALYST,reverse.capability.write_own,DENY,DENY,NONE,MATCH,RBAC-parity oracle: ROLE_PERMISSIONS[code] == DB RolePermission (migration-built + dev verified); runtime via SecurityService.permissionsOf(DB)
ANALYST,reverse.distribution.read_own,DENY,DENY,NONE,MATCH,RBAC-parity oracle: ROLE_PERMISSIONS[code] == DB RolePermission (migration-built + dev verified); runtime via SecurityService.permissionsOf(DB)
ANALYST,reverse.match.run,DENY,DENY,NONE,MATCH,RBAC-parity oracle: ROLE_PERMISSIONS[code] == DB RolePermission (migration-built + dev verified); runtime via SecurityService.permissionsOf(DB)
ANALYST,reverse.proposal.read_own,DENY,DENY,NONE,MATCH,RBAC-parity oracle: ROLE_PERMISSIONS[code] == DB RolePermission (migration-built + dev verified); runtime via SecurityService.permissionsOf(DB)
ANALYST,reverse.proposal.select_own,DENY,DENY,NONE,MATCH,RBAC-parity oracle: ROLE_PERMISSIONS[code] == DB RolePermission (migration-built + dev verified); runtime via SecurityService.permissionsOf(DB)
ANALYST,reverse.proposal.write_own,DENY,DENY,NONE,MATCH,RBAC-parity oracle: ROLE_PERMISSIONS[code] == DB RolePermission (migration-built + dev verified); runtime via SecurityService.permissionsOf(DB)
ANALYST,reverse.request.read_own,DENY,DENY,NONE,MATCH,RBAC-parity oracle: ROLE_PERMISSIONS[code] == DB RolePermission (migration-built + dev verified); runtime via SecurityService.permissionsOf(DB)
ANALYST,reverse.request.write_own,DENY,DENY,NONE,MATCH,RBAC-parity oracle: ROLE_PERMISSIONS[code] == DB RolePermission (migration-built + dev verified); runtime via SecurityService.permissionsOf(DB)
ANALYST,sales.checkout.read,DENY,DENY,NONE,MATCH,RBAC-parity oracle: ROLE_PERMISSIONS[code] == DB RolePermission (migration-built + dev verified); runtime via SecurityService.permissionsOf(DB)
ANALYST,sales.checkout.write,DENY,DENY,NONE,MATCH,RBAC-parity oracle: ROLE_PERMISSIONS[code] == DB RolePermission (migration-built + dev verified); runtime via SecurityService.permissionsOf(DB)
ANALYST,sales.kpi.read,GRANT,GRANT,NONE,MATCH,RBAC-parity oracle: ROLE_PERMISSIONS[code] == DB RolePermission (migration-built + dev verified); runtime via SecurityService.permissionsOf(DB)
ANALYST,sales.lead.read,DENY,DENY,NONE,MATCH,RBAC-parity oracle: ROLE_PERMISSIONS[code] == DB RolePermission (migration-built + dev verified); runtime via SecurityService.permissionsOf(DB)
ANALYST,sales.lead.write,DENY,DENY,NONE,MATCH,RBAC-parity oracle: ROLE_PERMISSIONS[code] == DB RolePermission (migration-built + dev verified); runtime via SecurityService.permissionsOf(DB)
ANALYST,sales.opportunity.read,DENY,DENY,NONE,MATCH,RBAC-parity oracle: ROLE_PERMISSIONS[code] == DB RolePermission (migration-built + dev verified); runtime via SecurityService.permissionsOf(DB)
ANALYST,sales.opportunity.write,DENY,DENY,NONE,MATCH,RBAC-parity oracle: ROLE_PERMISSIONS[code] == DB RolePermission (migration-built + dev verified); runtime via SecurityService.permissionsOf(DB)
ANALYST,sales.quote.approve,DENY,DENY,NONE,MATCH,RBAC-parity oracle: ROLE_PERMISSIONS[code] == DB RolePermission (migration-built + dev verified); runtime via SecurityService.permissionsOf(DB)
ANALYST,sales.quote.read,DENY,DENY,NONE,MATCH,RBAC-parity oracle: ROLE_PERMISSIONS[code] == DB RolePermission (migration-built + dev verified); runtime via SecurityService.permissionsOf(DB)
ANALYST,sales.quote.write,DENY,DENY,NONE,MATCH,RBAC-parity oracle: ROLE_PERMISSIONS[code] == DB RolePermission (migration-built + dev verified); runtime via SecurityService.permissionsOf(DB)
ANALYST,sales.sale.complete,DENY,DENY,NONE,MATCH,RBAC-parity oracle: ROLE_PERMISSIONS[code] == DB RolePermission (migration-built + dev verified); runtime via SecurityService.permissionsOf(DB)
ANALYST,sales.sale.read,DENY,DENY,NONE,MATCH,RBAC-parity oracle: ROLE_PERMISSIONS[code] == DB RolePermission (migration-built + dev verified); runtime via SecurityService.permissionsOf(DB)
ANALYST,sales.sale.write,DENY,DENY,NONE,MATCH,RBAC-parity oracle: ROLE_PERMISSIONS[code] == DB RolePermission (migration-built + dev verified); runtime via SecurityService.permissionsOf(DB)
ANALYST,seller_public_profile.approve_alias,DENY,DENY,NONE,MATCH,RBAC-parity oracle: ROLE_PERMISSIONS[code] == DB RolePermission (migration-built + dev verified); runtime via SecurityService.permissionsOf(DB)
ANALYST,seller_public_profile.approve_brand,DENY,DENY,NONE,MATCH,RBAC-parity oracle: ROLE_PERMISSIONS[code] == DB RolePermission (migration-built + dev verified); runtime via SecurityService.permissionsOf(DB)
ANALYST,seller_public_profile.hide_identity,DENY,DENY,NONE,MATCH,RBAC-parity oracle: ROLE_PERMISSIONS[code] == DB RolePermission (migration-built + dev verified); runtime via SecurityService.permissionsOf(DB)
ANALYST,seller_public_profile.propose,DENY,DENY,NONE,MATCH,RBAC-parity oracle: ROLE_PERMISSIONS[code] == DB RolePermission (migration-built + dev verified); runtime via SecurityService.permissionsOf(DB)
ANALYST,seller_public_profile.read_own,DENY,DENY,NONE,MATCH,RBAC-parity oracle: ROLE_PERMISSIONS[code] == DB RolePermission (migration-built + dev verified); runtime via SecurityService.permissionsOf(DB)
ANALYST,seller_public_profile.request_changes,DENY,DENY,NONE,MATCH,RBAC-parity oracle: ROLE_PERMISSIONS[code] == DB RolePermission (migration-built + dev verified); runtime via SecurityService.permissionsOf(DB)
ANALYST,seller_public_profile.review,DENY,DENY,NONE,MATCH,RBAC-parity oracle: ROLE_PERMISSIONS[code] == DB RolePermission (migration-built + dev verified); runtime via SecurityService.permissionsOf(DB)
ANALYST,settings.read,GRANT,GRANT,NONE,MATCH,RBAC-parity oracle: ROLE_PERMISSIONS[code] == DB RolePermission (migration-built + dev verified); runtime via SecurityService.permissionsOf(DB)
ANALYST,settings.write,DENY,DENY,NONE,MATCH,RBAC-parity oracle: ROLE_PERMISSIONS[code] == DB RolePermission (migration-built + dev verified); runtime via SecurityService.permissionsOf(DB)
ANALYST,storefront.activate_own,DENY,DENY,NONE,MATCH,RBAC-parity oracle: ROLE_PERMISSIONS[code] == DB RolePermission (migration-built + dev verified); runtime via SecurityService.permissionsOf(DB)
ANALYST,storefront.create_own,DENY,DENY,NONE,MATCH,RBAC-parity oracle: ROLE_PERMISSIONS[code] == DB RolePermission (migration-built + dev verified); runtime via SecurityService.permissionsOf(DB)
ANALYST,storefront.entitlement.manage,DENY,DENY,NONE,MATCH,RBAC-parity oracle: ROLE_PERMISSIONS[code] == DB RolePermission (migration-built + dev verified); runtime via SecurityService.permissionsOf(DB)
ANALYST,storefront.read_own,DENY,DENY,NONE,MATCH,RBAC-parity oracle: ROLE_PERMISSIONS[code] == DB RolePermission (migration-built + dev verified); runtime via SecurityService.permissionsOf(DB)
ANALYST,storefront.update_own,DENY,DENY,NONE,MATCH,RBAC-parity oracle: ROLE_PERMISSIONS[code] == DB RolePermission (migration-built + dev verified); runtime via SecurityService.permissionsOf(DB)
ANALYST,support.case.assign,DENY,DENY,NONE,MATCH,RBAC-parity oracle: ROLE_PERMISSIONS[code] == DB RolePermission (migration-built + dev verified); runtime via SecurityService.permissionsOf(DB)
ANALYST,support.case.create,DENY,DENY,NONE,MATCH,RBAC-parity oracle: ROLE_PERMISSIONS[code] == DB RolePermission (migration-built + dev verified); runtime via SecurityService.permissionsOf(DB)
ANALYST,support.case.delete,DENY,DENY,NONE,MATCH,RBAC-parity oracle: ROLE_PERMISSIONS[code] == DB RolePermission (migration-built + dev verified); runtime via SecurityService.permissionsOf(DB)
ANALYST,support.case.read,GRANT,GRANT,NONE,MATCH,RBAC-parity oracle: ROLE_PERMISSIONS[code] == DB RolePermission (migration-built + dev verified); runtime via SecurityService.permissionsOf(DB)
ANALYST,support.case.update,DENY,DENY,NONE,MATCH,RBAC-parity oracle: ROLE_PERMISSIONS[code] == DB RolePermission (migration-built + dev verified); runtime via SecurityService.permissionsOf(DB)
ANALYST,support.read,GRANT,GRANT,NONE,MATCH,RBAC-parity oracle: ROLE_PERMISSIONS[code] == DB RolePermission (migration-built + dev verified); runtime via SecurityService.permissionsOf(DB)
ANALYST,support.write,DENY,DENY,NONE,MATCH,RBAC-parity oracle: ROLE_PERMISSIONS[code] == DB RolePermission (migration-built + dev verified); runtime via SecurityService.permissionsOf(DB)
MODERATOR,account.booking.read_own,DENY,DENY,NONE,MATCH,RBAC-parity oracle: ROLE_PERMISSIONS[code] == DB RolePermission (migration-built + dev verified); runtime via SecurityService.permissionsOf(DB)
MODERATOR,account.document.read_own,DENY,DENY,NONE,MATCH,RBAC-parity oracle: ROLE_PERMISSIONS[code] == DB RolePermission (migration-built + dev verified); runtime via SecurityService.permissionsOf(DB)
MODERATOR,account.order.read_own,DENY,DENY,NONE,MATCH,RBAC-parity oracle: ROLE_PERMISSIONS[code] == DB RolePermission (migration-built + dev verified); runtime via SecurityService.permissionsOf(DB)
MODERATOR,account.payment.read_own,DENY,DENY,NONE,MATCH,RBAC-parity oracle: ROLE_PERMISSIONS[code] == DB RolePermission (migration-built + dev verified); runtime via SecurityService.permissionsOf(DB)
MODERATOR,account.profile.read,GRANT,GRANT,NONE,MATCH,RBAC-parity oracle: ROLE_PERMISSIONS[code] == DB RolePermission (migration-built + dev verified); runtime via SecurityService.permissionsOf(DB)
MODERATOR,account.profile.update,GRANT,GRANT,NONE,MATCH,RBAC-parity oracle: ROLE_PERMISSIONS[code] == DB RolePermission (migration-built + dev verified); runtime via SecurityService.permissionsOf(DB)
MODERATOR,account.support.read_own,DENY,DENY,NONE,MATCH,RBAC-parity oracle: ROLE_PERMISSIONS[code] == DB RolePermission (migration-built + dev verified); runtime via SecurityService.permissionsOf(DB)
MODERATOR,analytics.read,DENY,DENY,NONE,MATCH,RBAC-parity oracle: ROLE_PERMISSIONS[code] == DB RolePermission (migration-built + dev verified); runtime via SecurityService.permissionsOf(DB)
MODERATOR,audit.read,DENY,DENY,NONE,MATCH,RBAC-parity oracle: ROLE_PERMISSIONS[code] == DB RolePermission (migration-built + dev verified); runtime via SecurityService.permissionsOf(DB)
MODERATOR,booking.cancel,DENY,DENY,NONE,MATCH,RBAC-parity oracle: ROLE_PERMISSIONS[code] == DB RolePermission (migration-built + dev verified); runtime via SecurityService.permissionsOf(DB)
MODERATOR,booking.confirm,DENY,DENY,NONE,MATCH,RBAC-parity oracle: ROLE_PERMISSIONS[code] == DB RolePermission (migration-built + dev verified); runtime via SecurityService.permissionsOf(DB)
MODERATOR,booking.read,DENY,DENY,NONE,MATCH,RBAC-parity oracle: ROLE_PERMISSIONS[code] == DB RolePermission (migration-built + dev verified); runtime via SecurityService.permissionsOf(DB)
MODERATOR,booking.request_change,DENY,DENY,NONE,MATCH,RBAC-parity oracle: ROLE_PERMISSIONS[code] == DB RolePermission (migration-built + dev verified); runtime via SecurityService.permissionsOf(DB)
MODERATOR,booking.send_supplier,DENY,DENY,NONE,MATCH,RBAC-parity oracle: ROLE_PERMISSIONS[code] == DB RolePermission (migration-built + dev verified); runtime via SecurityService.permissionsOf(DB)
MODERATOR,catalog.availability.write,DENY,DENY,NONE,MATCH,RBAC-parity oracle: ROLE_PERMISSIONS[code] == DB RolePermission (migration-built + dev verified); runtime via SecurityService.permissionsOf(DB)
MODERATOR,catalog.category.write,DENY,DENY,NONE,MATCH,RBAC-parity oracle: ROLE_PERMISSIONS[code] == DB RolePermission (migration-built + dev verified); runtime via SecurityService.permissionsOf(DB)
MODERATOR,catalog.category_schema.read,DENY,DENY,NONE,MATCH,RBAC-parity oracle: ROLE_PERMISSIONS[code] == DB RolePermission (migration-built + dev verified); runtime via SecurityService.permissionsOf(DB)
MODERATOR,catalog.category_schema.read_active_for_product_edit,DENY,DENY,NONE,MATCH,RBAC-parity oracle: ROLE_PERMISSIONS[code] == DB RolePermission (migration-built + dev verified); runtime via SecurityService.permissionsOf(DB)
MODERATOR,catalog.category_schema.write,DENY,DENY,NONE,MATCH,RBAC-parity oracle: ROLE_PERMISSIONS[code] == DB RolePermission (migration-built + dev verified); runtime via SecurityService.permissionsOf(DB)
MODERATOR,catalog.media.delete_own,DENY,DENY,NONE,MATCH,RBAC-parity oracle: ROLE_PERMISSIONS[code] == DB RolePermission (migration-built + dev verified); runtime via SecurityService.permissionsOf(DB)
MODERATOR,catalog.media.read_for_moderation,GRANT,GRANT,NONE,MATCH,RBAC-parity oracle: ROLE_PERMISSIONS[code] == DB RolePermission (migration-built + dev verified); runtime via SecurityService.permissionsOf(DB)
MODERATOR,catalog.media.reorder_own,DENY,DENY,NONE,MATCH,RBAC-parity oracle: ROLE_PERMISSIONS[code] == DB RolePermission (migration-built + dev verified); runtime via SecurityService.permissionsOf(DB)
MODERATOR,catalog.media.set_primary_own,DENY,DENY,NONE,MATCH,RBAC-parity oracle: ROLE_PERMISSIONS[code] == DB RolePermission (migration-built + dev verified); runtime via SecurityService.permissionsOf(DB)
MODERATOR,catalog.media.update_own,DENY,DENY,NONE,MATCH,RBAC-parity oracle: ROLE_PERMISSIONS[code] == DB RolePermission (migration-built + dev verified); runtime via SecurityService.permissionsOf(DB)
MODERATOR,catalog.media.upload_own,DENY,DENY,NONE,MATCH,RBAC-parity oracle: ROLE_PERMISSIONS[code] == DB RolePermission (migration-built + dev verified); runtime via SecurityService.permissionsOf(DB)
MODERATOR,catalog.product.channels_own,DENY,DENY,NONE,MATCH,RBAC-parity oracle: ROLE_PERMISSIONS[code] == DB RolePermission (migration-built + dev verified); runtime via SecurityService.permissionsOf(DB)
MODERATOR,catalog.product.create_own,DENY,DENY,NONE,MATCH,RBAC-parity oracle: ROLE_PERMISSIONS[code] == DB RolePermission (migration-built + dev verified); runtime via SecurityService.permissionsOf(DB)
MODERATOR,catalog.product.publish,DENY,DENY,NONE,MATCH,RBAC-parity oracle: ROLE_PERMISSIONS[code] == DB RolePermission (migration-built + dev verified); runtime via SecurityService.permissionsOf(DB)
MODERATOR,catalog.product.read,DENY,DENY,NONE,MATCH,RBAC-parity oracle: ROLE_PERMISSIONS[code] == DB RolePermission (migration-built + dev verified); runtime via SecurityService.permissionsOf(DB)
MODERATOR,catalog.product.read_for_moderation,GRANT,GRANT,NONE,MATCH,RBAC-parity oracle: ROLE_PERMISSIONS[code] == DB RolePermission (migration-built + dev verified); runtime via SecurityService.permissionsOf(DB)
MODERATOR,catalog.product.read_own,DENY,DENY,NONE,MATCH,RBAC-parity oracle: ROLE_PERMISSIONS[code] == DB RolePermission (migration-built + dev verified); runtime via SecurityService.permissionsOf(DB)
MODERATOR,catalog.product.submit_moderation,DENY,DENY,NONE,MATCH,RBAC-parity oracle: ROLE_PERMISSIONS[code] == DB RolePermission (migration-built + dev verified); runtime via SecurityService.permissionsOf(DB)
MODERATOR,catalog.product.update_own_draft,DENY,DENY,NONE,MATCH,RBAC-parity oracle: ROLE_PERMISSIONS[code] == DB RolePermission (migration-built + dev verified); runtime via SecurityService.permissionsOf(DB)
MODERATOR,catalog.product.write,DENY,DENY,NONE,MATCH,RBAC-parity oracle: ROLE_PERMISSIONS[code] == DB RolePermission (migration-built + dev verified); runtime via SecurityService.permissionsOf(DB)
MODERATOR,catalog.rate_plan.publish,DENY,DENY,NONE,MATCH,RBAC-parity oracle: ROLE_PERMISSIONS[code] == DB RolePermission (migration-built + dev verified); runtime via SecurityService.permissionsOf(DB)
MODERATOR,catalog.service_unit.publish,DENY,DENY,NONE,MATCH,RBAC-parity oracle: ROLE_PERMISSIONS[code] == DB RolePermission (migration-built + dev verified); runtime via SecurityService.permissionsOf(DB)
MODERATOR,communication.create,DENY,DENY,NONE,MATCH,RBAC-parity oracle: ROLE_PERMISSIONS[code] == DB RolePermission (migration-built + dev verified); runtime via SecurityService.permissionsOf(DB)
MODERATOR,communication.read,DENY,DENY,NONE,MATCH,RBAC-parity oracle: ROLE_PERMISSIONS[code] == DB RolePermission (migration-built + dev verified); runtime via SecurityService.permissionsOf(DB)
MODERATOR,communication.read_own,DENY,DENY,NONE,MATCH,RBAC-parity oracle: ROLE_PERMISSIONS[code] == DB RolePermission (migration-built + dev verified); runtime via SecurityService.permissionsOf(DB)
MODERATOR,communication.write_own,DENY,DENY,NONE,MATCH,RBAC-parity oracle: ROLE_PERMISSIONS[code] == DB RolePermission (migration-built + dev verified); runtime via SecurityService.permissionsOf(DB)
MODERATOR,crm.activity.read,DENY,DENY,NONE,MATCH,RBAC-parity oracle: ROLE_PERMISSIONS[code] == DB RolePermission (migration-built + dev verified); runtime via SecurityService.permissionsOf(DB)
MODERATOR,crm.company.write,DENY,DENY,NONE,MATCH,RBAC-parity oracle: ROLE_PERMISSIONS[code] == DB RolePermission (migration-built + dev verified); runtime via SecurityService.permissionsOf(DB)
MODERATOR,crm.contact.write,DENY,DENY,NONE,MATCH,RBAC-parity oracle: ROLE_PERMISSIONS[code] == DB RolePermission (migration-built + dev verified); runtime via SecurityService.permissionsOf(DB)
MODERATOR,crm.customer.create_own,DENY,DENY,NONE,MATCH,RBAC-parity oracle: ROLE_PERMISSIONS[code] == DB RolePermission (migration-built + dev verified); runtime via SecurityService.permissionsOf(DB)
MODERATOR,crm.customer.read,DENY,DENY,NONE,MATCH,RBAC-parity oracle: ROLE_PERMISSIONS[code] == DB RolePermission (migration-built + dev verified); runtime via SecurityService.permissionsOf(DB)
MODERATOR,crm.customer.read_own,DENY,DENY,NONE,MATCH,RBAC-parity oracle: ROLE_PERMISSIONS[code] == DB RolePermission (migration-built + dev verified); runtime via SecurityService.permissionsOf(DB)
MODERATOR,crm.customer.update_own,DENY,DENY,NONE,MATCH,RBAC-parity oracle: ROLE_PERMISSIONS[code] == DB RolePermission (migration-built + dev verified); runtime via SecurityService.permissionsOf(DB)
MODERATOR,crm.customer.write,DENY,DENY,NONE,MATCH,RBAC-parity oracle: ROLE_PERMISSIONS[code] == DB RolePermission (migration-built + dev verified); runtime via SecurityService.permissionsOf(DB)
MODERATOR,crm.partner.read,DENY,DENY,NONE,MATCH,RBAC-parity oracle: ROLE_PERMISSIONS[code] == DB RolePermission (migration-built + dev verified); runtime via SecurityService.permissionsOf(DB)
MODERATOR,crm.partner.write,DENY,DENY,NONE,MATCH,RBAC-parity oracle: ROLE_PERMISSIONS[code] == DB RolePermission (migration-built + dev verified); runtime via SecurityService.permissionsOf(DB)
MODERATOR,crm.supplier.write,DENY,DENY,NONE,MATCH,RBAC-parity oracle: ROLE_PERMISSIONS[code] == DB RolePermission (migration-built + dev verified); runtime via SecurityService.permissionsOf(DB)
MODERATOR,dashboard.attention.read,DENY,DENY,NONE,MATCH,RBAC-parity oracle: ROLE_PERMISSIONS[code] == DB RolePermission (migration-built + dev verified); runtime via SecurityService.permissionsOf(DB)
MODERATOR,dashboard.catalog.read,DENY,DENY,NONE,MATCH,RBAC-parity oracle: ROLE_PERMISSIONS[code] == DB RolePermission (migration-built + dev verified); runtime via SecurityService.permissionsOf(DB)
MODERATOR,dashboard.channels.read,DENY,DENY,NONE,MATCH,RBAC-parity oracle: ROLE_PERMISSIONS[code] == DB RolePermission (migration-built + dev verified); runtime via SecurityService.permissionsOf(DB)
MODERATOR,dashboard.customize,DENY,DENY,NONE,MATCH,RBAC-parity oracle: ROLE_PERMISSIONS[code] == DB RolePermission (migration-built + dev verified); runtime via SecurityService.permissionsOf(DB)
MODERATOR,dashboard.executive.read,DENY,DENY,NONE,MATCH,RBAC-parity oracle: ROLE_PERMISSIONS[code] == DB RolePermission (migration-built + dev verified); runtime via SecurityService.permissionsOf(DB)
MODERATOR,dashboard.financial.read,DENY,DENY,NONE,MATCH,RBAC-parity oracle: ROLE_PERMISSIONS[code] == DB RolePermission (migration-built + dev verified); runtime via SecurityService.permissionsOf(DB)
MODERATOR,dashboard.insights.read,DENY,DENY,NONE,MATCH,RBAC-parity oracle: ROLE_PERMISSIONS[code] == DB RolePermission (migration-built + dev verified); runtime via SecurityService.permissionsOf(DB)
MODERATOR,dashboard.marketplace.read,DENY,DENY,NONE,MATCH,RBAC-parity oracle: ROLE_PERMISSIONS[code] == DB RolePermission (migration-built + dev verified); runtime via SecurityService.permissionsOf(DB)
MODERATOR,dashboard.operational.read,DENY,DENY,NONE,MATCH,RBAC-parity oracle: ROLE_PERMISSIONS[code] == DB RolePermission (migration-built + dev verified); runtime via SecurityService.permissionsOf(DB)
MODERATOR,documents.read,DENY,DENY,NONE,MATCH,RBAC-parity oracle: ROLE_PERMISSIONS[code] == DB RolePermission (migration-built + dev verified); runtime via SecurityService.permissionsOf(DB)
MODERATOR,documents.write,DENY,DENY,NONE,MATCH,RBAC-parity oracle: ROLE_PERMISSIONS[code] == DB RolePermission (migration-built + dev verified); runtime via SecurityService.permissionsOf(DB)
MODERATOR,finance.commission.manage,DENY,DENY,NONE,MATCH,RBAC-parity oracle: ROLE_PERMISSIONS[code] == DB RolePermission (migration-built + dev verified); runtime via SecurityService.permissionsOf(DB)
MODERATOR,finance.commission.read,DENY,DENY,NONE,MATCH,RBAC-parity oracle: ROLE_PERMISSIONS[code] == DB RolePermission (migration-built + dev verified); runtime via SecurityService.permissionsOf(DB)
MODERATOR,finance.commission.write,DENY,DENY,NONE,MATCH,RBAC-parity oracle: ROLE_PERMISSIONS[code] == DB RolePermission (migration-built + dev verified); runtime via SecurityService.permissionsOf(DB)
MODERATOR,finance.currency.manage,DENY,DENY,NONE,MATCH,RBAC-parity oracle: ROLE_PERMISSIONS[code] == DB RolePermission (migration-built + dev verified); runtime via SecurityService.permissionsOf(DB)
MODERATOR,finance.dispute.read,DENY,DENY,NONE,MATCH,RBAC-parity oracle: ROLE_PERMISSIONS[code] == DB RolePermission (migration-built + dev verified); runtime via SecurityService.permissionsOf(DB)
MODERATOR,finance.dispute.write,DENY,DENY,NONE,MATCH,RBAC-parity oracle: ROLE_PERMISSIONS[code] == DB RolePermission (migration-built + dev verified); runtime via SecurityService.permissionsOf(DB)
MODERATOR,finance.exchange_rate.manage,DENY,DENY,NONE,MATCH,RBAC-parity oracle: ROLE_PERMISSIONS[code] == DB RolePermission (migration-built + dev verified); runtime via SecurityService.permissionsOf(DB)
MODERATOR,finance.invoice.read,DENY,DENY,NONE,MATCH,RBAC-parity oracle: ROLE_PERMISSIONS[code] == DB RolePermission (migration-built + dev verified); runtime via SecurityService.permissionsOf(DB)
MODERATOR,finance.invoice.write,DENY,DENY,NONE,MATCH,RBAC-parity oracle: ROLE_PERMISSIONS[code] == DB RolePermission (migration-built + dev verified); runtime via SecurityService.permissionsOf(DB)
MODERATOR,finance.ledger.read,DENY,DENY,NONE,MATCH,RBAC-parity oracle: ROLE_PERMISSIONS[code] == DB RolePermission (migration-built + dev verified); runtime via SecurityService.permissionsOf(DB)
MODERATOR,finance.payment.create,DENY,DENY,NONE,MATCH,RBAC-parity oracle: ROLE_PERMISSIONS[code] == DB RolePermission (migration-built + dev verified); runtime via SecurityService.permissionsOf(DB)
MODERATOR,finance.payment.manage,DENY,DENY,NONE,MATCH,RBAC-parity oracle: ROLE_PERMISSIONS[code] == DB RolePermission (migration-built + dev verified); runtime via SecurityService.permissionsOf(DB)
MODERATOR,finance.payment.read,DENY,DENY,NONE,MATCH,RBAC-parity oracle: ROLE_PERMISSIONS[code] == DB RolePermission (migration-built + dev verified); runtime via SecurityService.permissionsOf(DB)
MODERATOR,finance.payment.write,DENY,DENY,NONE,MATCH,RBAC-parity oracle: ROLE_PERMISSIONS[code] == DB RolePermission (migration-built + dev verified); runtime via SecurityService.permissionsOf(DB)
MODERATOR,finance.payout.read,DENY,DENY,NONE,MATCH,RBAC-parity oracle: ROLE_PERMISSIONS[code] == DB RolePermission (migration-built + dev verified); runtime via SecurityService.permissionsOf(DB)
MODERATOR,finance.provider_fee.read,DENY,DENY,NONE,MATCH,RBAC-parity oracle: ROLE_PERMISSIONS[code] == DB RolePermission (migration-built + dev verified); runtime via SecurityService.permissionsOf(DB)
MODERATOR,finance.refund.approve,DENY,DENY,NONE,MATCH,RBAC-parity oracle: ROLE_PERMISSIONS[code] == DB RolePermission (migration-built + dev verified); runtime via SecurityService.permissionsOf(DB)
MODERATOR,finance.refund.execute,DENY,DENY,NONE,MATCH,RBAC-parity oracle: ROLE_PERMISSIONS[code] == DB RolePermission (migration-built + dev verified); runtime via SecurityService.permissionsOf(DB)
MODERATOR,finance.refund.read,DENY,DENY,NONE,MATCH,RBAC-parity oracle: ROLE_PERMISSIONS[code] == DB RolePermission (migration-built + dev verified); runtime via SecurityService.permissionsOf(DB)
MODERATOR,finance.refund.write,DENY,DENY,NONE,MATCH,RBAC-parity oracle: ROLE_PERMISSIONS[code] == DB RolePermission (migration-built + dev verified); runtime via SecurityService.permissionsOf(DB)
MODERATOR,finance.settlement.read,DENY,DENY,NONE,MATCH,RBAC-parity oracle: ROLE_PERMISSIONS[code] == DB RolePermission (migration-built + dev verified); runtime via SecurityService.permissionsOf(DB)
MODERATOR,finance.tax.manage,DENY,DENY,NONE,MATCH,RBAC-parity oracle: ROLE_PERMISSIONS[code] == DB RolePermission (migration-built + dev verified); runtime via SecurityService.permissionsOf(DB)
MODERATOR,marketing.attribution.manage,DENY,DENY,NONE,MATCH,RBAC-parity oracle: ROLE_PERMISSIONS[code] == DB RolePermission (migration-built + dev verified); runtime via SecurityService.permissionsOf(DB)
MODERATOR,marketing.attribution.read,DENY,DENY,NONE,MATCH,RBAC-parity oracle: ROLE_PERMISSIONS[code] == DB RolePermission (migration-built + dev verified); runtime via SecurityService.permissionsOf(DB)
MODERATOR,marketing.audience.manage,DENY,DENY,NONE,MATCH,RBAC-parity oracle: ROLE_PERMISSIONS[code] == DB RolePermission (migration-built + dev verified); runtime via SecurityService.permissionsOf(DB)
MODERATOR,marketing.audience.read,DENY,DENY,NONE,MATCH,RBAC-parity oracle: ROLE_PERMISSIONS[code] == DB RolePermission (migration-built + dev verified); runtime via SecurityService.permissionsOf(DB)
MODERATOR,marketing.campaign.create,DENY,DENY,NONE,MATCH,RBAC-parity oracle: ROLE_PERMISSIONS[code] == DB RolePermission (migration-built + dev verified); runtime via SecurityService.permissionsOf(DB)
MODERATOR,marketing.campaign.delete,DENY,DENY,NONE,MATCH,RBAC-parity oracle: ROLE_PERMISSIONS[code] == DB RolePermission (migration-built + dev verified); runtime via SecurityService.permissionsOf(DB)
MODERATOR,marketing.campaign.read,DENY,DENY,NONE,MATCH,RBAC-parity oracle: ROLE_PERMISSIONS[code] == DB RolePermission (migration-built + dev verified); runtime via SecurityService.permissionsOf(DB)
MODERATOR,marketing.campaign.update,DENY,DENY,NONE,MATCH,RBAC-parity oracle: ROLE_PERMISSIONS[code] == DB RolePermission (migration-built + dev verified); runtime via SecurityService.permissionsOf(DB)
MODERATOR,marketing.read,DENY,DENY,NONE,MATCH,RBAC-parity oracle: ROLE_PERMISSIONS[code] == DB RolePermission (migration-built + dev verified); runtime via SecurityService.permissionsOf(DB)
MODERATOR,moderation.approve,GRANT,GRANT,NONE,MATCH,RBAC-parity oracle: ROLE_PERMISSIONS[code] == DB RolePermission (migration-built + dev verified); runtime via SecurityService.permissionsOf(DB)
MODERATOR,moderation.reject,GRANT,GRANT,NONE,MATCH,RBAC-parity oracle: ROLE_PERMISSIONS[code] == DB RolePermission (migration-built + dev verified); runtime via SecurityService.permissionsOf(DB)
MODERATOR,moderation.request_changes,GRANT,GRANT,NONE,MATCH,RBAC-parity oracle: ROLE_PERMISSIONS[code] == DB RolePermission (migration-built + dev verified); runtime via SecurityService.permissionsOf(DB)
MODERATOR,moderation.review,GRANT,GRANT,NONE,MATCH,RBAC-parity oracle: ROLE_PERMISSIONS[code] == DB RolePermission (migration-built + dev verified); runtime via SecurityService.permissionsOf(DB)
MODERATOR,operational-notes.create,DENY,DENY,NONE,MATCH,RBAC-parity oracle: ROLE_PERMISSIONS[code] == DB RolePermission (migration-built + dev verified); runtime via SecurityService.permissionsOf(DB)
MODERATOR,operational-notes.delete,DENY,DENY,NONE,MATCH,RBAC-parity oracle: ROLE_PERMISSIONS[code] == DB RolePermission (migration-built + dev verified); runtime via SecurityService.permissionsOf(DB)
MODERATOR,operational-notes.read,DENY,DENY,NONE,MATCH,RBAC-parity oracle: ROLE_PERMISSIONS[code] == DB RolePermission (migration-built + dev verified); runtime via SecurityService.permissionsOf(DB)
MODERATOR,operational-notes.update,DENY,DENY,NONE,MATCH,RBAC-parity oracle: ROLE_PERMISSIONS[code] == DB RolePermission (migration-built + dev verified); runtime via SecurityService.permissionsOf(DB)
MODERATOR,order.accept,DENY,DENY,NONE,MATCH,RBAC-parity oracle: ROLE_PERMISSIONS[code] == DB RolePermission (migration-built + dev verified); runtime via SecurityService.permissionsOf(DB)
MODERATOR,order.cancel,DENY,DENY,NONE,MATCH,RBAC-parity oracle: ROLE_PERMISSIONS[code] == DB RolePermission (migration-built + dev verified); runtime via SecurityService.permissionsOf(DB)
MODERATOR,order.close,DENY,DENY,NONE,MATCH,RBAC-parity oracle: ROLE_PERMISSIONS[code] == DB RolePermission (migration-built + dev verified); runtime via SecurityService.permissionsOf(DB)
MODERATOR,order.edit_noncritical,DENY,DENY,NONE,MATCH,RBAC-parity oracle: ROLE_PERMISSIONS[code] == DB RolePermission (migration-built + dev verified); runtime via SecurityService.permissionsOf(DB)
MODERATOR,order.read,DENY,DENY,NONE,MATCH,RBAC-parity oracle: ROLE_PERMISSIONS[code] == DB RolePermission (migration-built + dev verified); runtime via SecurityService.permissionsOf(DB)
MODERATOR,order.request_booking,DENY,DENY,NONE,MATCH,RBAC-parity oracle: ROLE_PERMISSIONS[code] == DB RolePermission (migration-built + dev verified); runtime via SecurityService.permissionsOf(DB)
MODERATOR,order.suspend,DENY,DENY,NONE,MATCH,RBAC-parity oracle: ROLE_PERMISSIONS[code] == DB RolePermission (migration-built + dev verified); runtime via SecurityService.permissionsOf(DB)
MODERATOR,partner.onboarding.read_own,DENY,DENY,NONE,MATCH,RBAC-parity oracle: ROLE_PERMISSIONS[code] == DB RolePermission (migration-built + dev verified); runtime via SecurityService.permissionsOf(DB)
MODERATOR,partner.onboarding.review,DENY,DENY,NONE,MATCH,RBAC-parity oracle: ROLE_PERMISSIONS[code] == DB RolePermission (migration-built + dev verified); runtime via SecurityService.permissionsOf(DB)
MODERATOR,partner.onboarding.submit_own,DENY,DENY,NONE,MATCH,RBAC-parity oracle: ROLE_PERMISSIONS[code] == DB RolePermission (migration-built + dev verified); runtime via SecurityService.permissionsOf(DB)
MODERATOR,partner.onboarding.update_own,DENY,DENY,NONE,MATCH,RBAC-parity oracle: ROLE_PERMISSIONS[code] == DB RolePermission (migration-built + dev verified); runtime via SecurityService.permissionsOf(DB)
MODERATOR,reports.read,DENY,DENY,NONE,MATCH,RBAC-parity oracle: ROLE_PERMISSIONS[code] == DB RolePermission (migration-built + dev verified); runtime via SecurityService.permissionsOf(DB)
MODERATOR,reverse.capability.read_own,DENY,DENY,NONE,MATCH,RBAC-parity oracle: ROLE_PERMISSIONS[code] == DB RolePermission (migration-built + dev verified); runtime via SecurityService.permissionsOf(DB)
MODERATOR,reverse.capability.write_own,DENY,DENY,NONE,MATCH,RBAC-parity oracle: ROLE_PERMISSIONS[code] == DB RolePermission (migration-built + dev verified); runtime via SecurityService.permissionsOf(DB)
MODERATOR,reverse.distribution.read_own,DENY,DENY,NONE,MATCH,RBAC-parity oracle: ROLE_PERMISSIONS[code] == DB RolePermission (migration-built + dev verified); runtime via SecurityService.permissionsOf(DB)
MODERATOR,reverse.match.run,DENY,DENY,NONE,MATCH,RBAC-parity oracle: ROLE_PERMISSIONS[code] == DB RolePermission (migration-built + dev verified); runtime via SecurityService.permissionsOf(DB)
MODERATOR,reverse.proposal.read_own,DENY,DENY,NONE,MATCH,RBAC-parity oracle: ROLE_PERMISSIONS[code] == DB RolePermission (migration-built + dev verified); runtime via SecurityService.permissionsOf(DB)
MODERATOR,reverse.proposal.select_own,DENY,DENY,NONE,MATCH,RBAC-parity oracle: ROLE_PERMISSIONS[code] == DB RolePermission (migration-built + dev verified); runtime via SecurityService.permissionsOf(DB)
MODERATOR,reverse.proposal.write_own,DENY,DENY,NONE,MATCH,RBAC-parity oracle: ROLE_PERMISSIONS[code] == DB RolePermission (migration-built + dev verified); runtime via SecurityService.permissionsOf(DB)
MODERATOR,reverse.request.read_own,DENY,DENY,NONE,MATCH,RBAC-parity oracle: ROLE_PERMISSIONS[code] == DB RolePermission (migration-built + dev verified); runtime via SecurityService.permissionsOf(DB)
MODERATOR,reverse.request.write_own,DENY,DENY,NONE,MATCH,RBAC-parity oracle: ROLE_PERMISSIONS[code] == DB RolePermission (migration-built + dev verified); runtime via SecurityService.permissionsOf(DB)
MODERATOR,sales.checkout.read,DENY,DENY,NONE,MATCH,RBAC-parity oracle: ROLE_PERMISSIONS[code] == DB RolePermission (migration-built + dev verified); runtime via SecurityService.permissionsOf(DB)
MODERATOR,sales.checkout.write,DENY,DENY,NONE,MATCH,RBAC-parity oracle: ROLE_PERMISSIONS[code] == DB RolePermission (migration-built + dev verified); runtime via SecurityService.permissionsOf(DB)
MODERATOR,sales.kpi.read,DENY,DENY,NONE,MATCH,RBAC-parity oracle: ROLE_PERMISSIONS[code] == DB RolePermission (migration-built + dev verified); runtime via SecurityService.permissionsOf(DB)
MODERATOR,sales.lead.read,DENY,DENY,NONE,MATCH,RBAC-parity oracle: ROLE_PERMISSIONS[code] == DB RolePermission (migration-built + dev verified); runtime via SecurityService.permissionsOf(DB)
MODERATOR,sales.lead.write,DENY,DENY,NONE,MATCH,RBAC-parity oracle: ROLE_PERMISSIONS[code] == DB RolePermission (migration-built + dev verified); runtime via SecurityService.permissionsOf(DB)
MODERATOR,sales.opportunity.read,DENY,DENY,NONE,MATCH,RBAC-parity oracle: ROLE_PERMISSIONS[code] == DB RolePermission (migration-built + dev verified); runtime via SecurityService.permissionsOf(DB)
MODERATOR,sales.opportunity.write,DENY,DENY,NONE,MATCH,RBAC-parity oracle: ROLE_PERMISSIONS[code] == DB RolePermission (migration-built + dev verified); runtime via SecurityService.permissionsOf(DB)
MODERATOR,sales.quote.approve,DENY,DENY,NONE,MATCH,RBAC-parity oracle: ROLE_PERMISSIONS[code] == DB RolePermission (migration-built + dev verified); runtime via SecurityService.permissionsOf(DB)
MODERATOR,sales.quote.read,DENY,DENY,NONE,MATCH,RBAC-parity oracle: ROLE_PERMISSIONS[code] == DB RolePermission (migration-built + dev verified); runtime via SecurityService.permissionsOf(DB)
MODERATOR,sales.quote.write,DENY,DENY,NONE,MATCH,RBAC-parity oracle: ROLE_PERMISSIONS[code] == DB RolePermission (migration-built + dev verified); runtime via SecurityService.permissionsOf(DB)
MODERATOR,sales.sale.complete,DENY,DENY,NONE,MATCH,RBAC-parity oracle: ROLE_PERMISSIONS[code] == DB RolePermission (migration-built + dev verified); runtime via SecurityService.permissionsOf(DB)
MODERATOR,sales.sale.read,DENY,DENY,NONE,MATCH,RBAC-parity oracle: ROLE_PERMISSIONS[code] == DB RolePermission (migration-built + dev verified); runtime via SecurityService.permissionsOf(DB)
MODERATOR,sales.sale.write,DENY,DENY,NONE,MATCH,RBAC-parity oracle: ROLE_PERMISSIONS[code] == DB RolePermission (migration-built + dev verified); runtime via SecurityService.permissionsOf(DB)
MODERATOR,seller_public_profile.approve_alias,GRANT,GRANT,NONE,MATCH,RBAC-parity oracle: ROLE_PERMISSIONS[code] == DB RolePermission (migration-built + dev verified); runtime via SecurityService.permissionsOf(DB)
MODERATOR,seller_public_profile.approve_brand,GRANT,GRANT,NONE,MATCH,RBAC-parity oracle: ROLE_PERMISSIONS[code] == DB RolePermission (migration-built + dev verified); runtime via SecurityService.permissionsOf(DB)
MODERATOR,seller_public_profile.hide_identity,GRANT,GRANT,NONE,MATCH,RBAC-parity oracle: ROLE_PERMISSIONS[code] == DB RolePermission (migration-built + dev verified); runtime via SecurityService.permissionsOf(DB)
MODERATOR,seller_public_profile.propose,DENY,DENY,NONE,MATCH,RBAC-parity oracle: ROLE_PERMISSIONS[code] == DB RolePermission (migration-built + dev verified); runtime via SecurityService.permissionsOf(DB)
MODERATOR,seller_public_profile.read_own,DENY,DENY,NONE,MATCH,RBAC-parity oracle: ROLE_PERMISSIONS[code] == DB RolePermission (migration-built + dev verified); runtime via SecurityService.permissionsOf(DB)
MODERATOR,seller_public_profile.request_changes,GRANT,GRANT,NONE,MATCH,RBAC-parity oracle: ROLE_PERMISSIONS[code] == DB RolePermission (migration-built + dev verified); runtime via SecurityService.permissionsOf(DB)
MODERATOR,seller_public_profile.review,GRANT,GRANT,NONE,MATCH,RBAC-parity oracle: ROLE_PERMISSIONS[code] == DB RolePermission (migration-built + dev verified); runtime via SecurityService.permissionsOf(DB)
MODERATOR,settings.read,DENY,DENY,NONE,MATCH,RBAC-parity oracle: ROLE_PERMISSIONS[code] == DB RolePermission (migration-built + dev verified); runtime via SecurityService.permissionsOf(DB)
MODERATOR,settings.write,DENY,DENY,NONE,MATCH,RBAC-parity oracle: ROLE_PERMISSIONS[code] == DB RolePermission (migration-built + dev verified); runtime via SecurityService.permissionsOf(DB)
MODERATOR,storefront.activate_own,DENY,DENY,NONE,MATCH,RBAC-parity oracle: ROLE_PERMISSIONS[code] == DB RolePermission (migration-built + dev verified); runtime via SecurityService.permissionsOf(DB)
MODERATOR,storefront.create_own,DENY,DENY,NONE,MATCH,RBAC-parity oracle: ROLE_PERMISSIONS[code] == DB RolePermission (migration-built + dev verified); runtime via SecurityService.permissionsOf(DB)
MODERATOR,storefront.entitlement.manage,DENY,DENY,NONE,MATCH,RBAC-parity oracle: ROLE_PERMISSIONS[code] == DB RolePermission (migration-built + dev verified); runtime via SecurityService.permissionsOf(DB)
MODERATOR,storefront.read_own,DENY,DENY,NONE,MATCH,RBAC-parity oracle: ROLE_PERMISSIONS[code] == DB RolePermission (migration-built + dev verified); runtime via SecurityService.permissionsOf(DB)
MODERATOR,storefront.update_own,DENY,DENY,NONE,MATCH,RBAC-parity oracle: ROLE_PERMISSIONS[code] == DB RolePermission (migration-built + dev verified); runtime via SecurityService.permissionsOf(DB)
MODERATOR,support.case.assign,DENY,DENY,NONE,MATCH,RBAC-parity oracle: ROLE_PERMISSIONS[code] == DB RolePermission (migration-built + dev verified); runtime via SecurityService.permissionsOf(DB)
MODERATOR,support.case.create,DENY,DENY,NONE,MATCH,RBAC-parity oracle: ROLE_PERMISSIONS[code] == DB RolePermission (migration-built + dev verified); runtime via SecurityService.permissionsOf(DB)
MODERATOR,support.case.delete,DENY,DENY,NONE,MATCH,RBAC-parity oracle: ROLE_PERMISSIONS[code] == DB RolePermission (migration-built + dev verified); runtime via SecurityService.permissionsOf(DB)
MODERATOR,support.case.read,DENY,DENY,NONE,MATCH,RBAC-parity oracle: ROLE_PERMISSIONS[code] == DB RolePermission (migration-built + dev verified); runtime via SecurityService.permissionsOf(DB)
MODERATOR,support.case.update,DENY,DENY,NONE,MATCH,RBAC-parity oracle: ROLE_PERMISSIONS[code] == DB RolePermission (migration-built + dev verified); runtime via SecurityService.permissionsOf(DB)
MODERATOR,support.read,DENY,DENY,NONE,MATCH,RBAC-parity oracle: ROLE_PERMISSIONS[code] == DB RolePermission (migration-built + dev verified); runtime via SecurityService.permissionsOf(DB)
MODERATOR,support.write,DENY,DENY,NONE,MATCH,RBAC-parity oracle: ROLE_PERMISSIONS[code] == DB RolePermission (migration-built + dev verified); runtime via SecurityService.permissionsOf(DB)
SALES_MANAGER,account.booking.read_own,DENY,DENY,NONE,MATCH,RBAC-parity oracle: ROLE_PERMISSIONS[code] == DB RolePermission (migration-built + dev verified); runtime via SecurityService.permissionsOf(DB)
SALES_MANAGER,account.document.read_own,DENY,DENY,NONE,MATCH,RBAC-parity oracle: ROLE_PERMISSIONS[code] == DB RolePermission (migration-built + dev verified); runtime via SecurityService.permissionsOf(DB)
SALES_MANAGER,account.order.read_own,DENY,DENY,NONE,MATCH,RBAC-parity oracle: ROLE_PERMISSIONS[code] == DB RolePermission (migration-built + dev verified); runtime via SecurityService.permissionsOf(DB)
SALES_MANAGER,account.payment.read_own,DENY,DENY,NONE,MATCH,RBAC-parity oracle: ROLE_PERMISSIONS[code] == DB RolePermission (migration-built + dev verified); runtime via SecurityService.permissionsOf(DB)
SALES_MANAGER,account.profile.read,GRANT,GRANT,NONE,MATCH,RBAC-parity oracle: ROLE_PERMISSIONS[code] == DB RolePermission (migration-built + dev verified); runtime via SecurityService.permissionsOf(DB)
SALES_MANAGER,account.profile.update,GRANT,GRANT,NONE,MATCH,RBAC-parity oracle: ROLE_PERMISSIONS[code] == DB RolePermission (migration-built + dev verified); runtime via SecurityService.permissionsOf(DB)
SALES_MANAGER,account.support.read_own,DENY,DENY,NONE,MATCH,RBAC-parity oracle: ROLE_PERMISSIONS[code] == DB RolePermission (migration-built + dev verified); runtime via SecurityService.permissionsOf(DB)
SALES_MANAGER,analytics.read,DENY,DENY,NONE,MATCH,RBAC-parity oracle: ROLE_PERMISSIONS[code] == DB RolePermission (migration-built + dev verified); runtime via SecurityService.permissionsOf(DB)
SALES_MANAGER,audit.read,DENY,DENY,NONE,MATCH,RBAC-parity oracle: ROLE_PERMISSIONS[code] == DB RolePermission (migration-built + dev verified); runtime via SecurityService.permissionsOf(DB)
SALES_MANAGER,booking.cancel,DENY,DENY,NONE,MATCH,RBAC-parity oracle: ROLE_PERMISSIONS[code] == DB RolePermission (migration-built + dev verified); runtime via SecurityService.permissionsOf(DB)
SALES_MANAGER,booking.confirm,DENY,DENY,NONE,MATCH,RBAC-parity oracle: ROLE_PERMISSIONS[code] == DB RolePermission (migration-built + dev verified); runtime via SecurityService.permissionsOf(DB)
SALES_MANAGER,booking.read,GRANT,GRANT,NONE,MATCH,RBAC-parity oracle: ROLE_PERMISSIONS[code] == DB RolePermission (migration-built + dev verified); runtime via SecurityService.permissionsOf(DB)
SALES_MANAGER,booking.request_change,DENY,DENY,NONE,MATCH,RBAC-parity oracle: ROLE_PERMISSIONS[code] == DB RolePermission (migration-built + dev verified); runtime via SecurityService.permissionsOf(DB)
SALES_MANAGER,booking.send_supplier,DENY,DENY,NONE,MATCH,RBAC-parity oracle: ROLE_PERMISSIONS[code] == DB RolePermission (migration-built + dev verified); runtime via SecurityService.permissionsOf(DB)
SALES_MANAGER,catalog.availability.write,DENY,DENY,NONE,MATCH,RBAC-parity oracle: ROLE_PERMISSIONS[code] == DB RolePermission (migration-built + dev verified); runtime via SecurityService.permissionsOf(DB)
SALES_MANAGER,catalog.category.write,DENY,DENY,NONE,MATCH,RBAC-parity oracle: ROLE_PERMISSIONS[code] == DB RolePermission (migration-built + dev verified); runtime via SecurityService.permissionsOf(DB)
SALES_MANAGER,catalog.category_schema.read,DENY,DENY,NONE,MATCH,RBAC-parity oracle: ROLE_PERMISSIONS[code] == DB RolePermission (migration-built + dev verified); runtime via SecurityService.permissionsOf(DB)
SALES_MANAGER,catalog.category_schema.read_active_for_product_edit,DENY,DENY,NONE,MATCH,RBAC-parity oracle: ROLE_PERMISSIONS[code] == DB RolePermission (migration-built + dev verified); runtime via SecurityService.permissionsOf(DB)
SALES_MANAGER,catalog.category_schema.write,DENY,DENY,NONE,MATCH,RBAC-parity oracle: ROLE_PERMISSIONS[code] == DB RolePermission (migration-built + dev verified); runtime via SecurityService.permissionsOf(DB)
SALES_MANAGER,catalog.media.delete_own,DENY,DENY,NONE,MATCH,RBAC-parity oracle: ROLE_PERMISSIONS[code] == DB RolePermission (migration-built + dev verified); runtime via SecurityService.permissionsOf(DB)
SALES_MANAGER,catalog.media.read_for_moderation,DENY,DENY,NONE,MATCH,RBAC-parity oracle: ROLE_PERMISSIONS[code] == DB RolePermission (migration-built + dev verified); runtime via SecurityService.permissionsOf(DB)
SALES_MANAGER,catalog.media.reorder_own,DENY,DENY,NONE,MATCH,RBAC-parity oracle: ROLE_PERMISSIONS[code] == DB RolePermission (migration-built + dev verified); runtime via SecurityService.permissionsOf(DB)
SALES_MANAGER,catalog.media.set_primary_own,DENY,DENY,NONE,MATCH,RBAC-parity oracle: ROLE_PERMISSIONS[code] == DB RolePermission (migration-built + dev verified); runtime via SecurityService.permissionsOf(DB)
SALES_MANAGER,catalog.media.update_own,DENY,DENY,NONE,MATCH,RBAC-parity oracle: ROLE_PERMISSIONS[code] == DB RolePermission (migration-built + dev verified); runtime via SecurityService.permissionsOf(DB)
SALES_MANAGER,catalog.media.upload_own,DENY,DENY,NONE,MATCH,RBAC-parity oracle: ROLE_PERMISSIONS[code] == DB RolePermission (migration-built + dev verified); runtime via SecurityService.permissionsOf(DB)
SALES_MANAGER,catalog.product.channels_own,DENY,DENY,NONE,MATCH,RBAC-parity oracle: ROLE_PERMISSIONS[code] == DB RolePermission (migration-built + dev verified); runtime via SecurityService.permissionsOf(DB)
SALES_MANAGER,catalog.product.create_own,DENY,DENY,NONE,MATCH,RBAC-parity oracle: ROLE_PERMISSIONS[code] == DB RolePermission (migration-built + dev verified); runtime via SecurityService.permissionsOf(DB)
SALES_MANAGER,catalog.product.publish,DENY,DENY,NONE,MATCH,RBAC-parity oracle: ROLE_PERMISSIONS[code] == DB RolePermission (migration-built + dev verified); runtime via SecurityService.permissionsOf(DB)
SALES_MANAGER,catalog.product.read,GRANT,GRANT,NONE,MATCH,RBAC-parity oracle: ROLE_PERMISSIONS[code] == DB RolePermission (migration-built + dev verified); runtime via SecurityService.permissionsOf(DB)
SALES_MANAGER,catalog.product.read_for_moderation,DENY,DENY,NONE,MATCH,RBAC-parity oracle: ROLE_PERMISSIONS[code] == DB RolePermission (migration-built + dev verified); runtime via SecurityService.permissionsOf(DB)
SALES_MANAGER,catalog.product.read_own,DENY,DENY,NONE,MATCH,RBAC-parity oracle: ROLE_PERMISSIONS[code] == DB RolePermission (migration-built + dev verified); runtime via SecurityService.permissionsOf(DB)
SALES_MANAGER,catalog.product.submit_moderation,DENY,DENY,NONE,MATCH,RBAC-parity oracle: ROLE_PERMISSIONS[code] == DB RolePermission (migration-built + dev verified); runtime via SecurityService.permissionsOf(DB)
SALES_MANAGER,catalog.product.update_own_draft,DENY,DENY,NONE,MATCH,RBAC-parity oracle: ROLE_PERMISSIONS[code] == DB RolePermission (migration-built + dev verified); runtime via SecurityService.permissionsOf(DB)
SALES_MANAGER,catalog.product.write,DENY,DENY,NONE,MATCH,RBAC-parity oracle: ROLE_PERMISSIONS[code] == DB RolePermission (migration-built + dev verified); runtime via SecurityService.permissionsOf(DB)
SALES_MANAGER,catalog.rate_plan.publish,DENY,DENY,NONE,MATCH,RBAC-parity oracle: ROLE_PERMISSIONS[code] == DB RolePermission (migration-built + dev verified); runtime via SecurityService.permissionsOf(DB)
SALES_MANAGER,catalog.service_unit.publish,DENY,DENY,NONE,MATCH,RBAC-parity oracle: ROLE_PERMISSIONS[code] == DB RolePermission (migration-built + dev verified); runtime via SecurityService.permissionsOf(DB)
SALES_MANAGER,communication.create,GRANT,GRANT,NONE,MATCH,RBAC-parity oracle: ROLE_PERMISSIONS[code] == DB RolePermission (migration-built + dev verified); runtime via SecurityService.permissionsOf(DB)
SALES_MANAGER,communication.read,GRANT,GRANT,NONE,MATCH,RBAC-parity oracle: ROLE_PERMISSIONS[code] == DB RolePermission (migration-built + dev verified); runtime via SecurityService.permissionsOf(DB)
SALES_MANAGER,communication.read_own,DENY,DENY,NONE,MATCH,RBAC-parity oracle: ROLE_PERMISSIONS[code] == DB RolePermission (migration-built + dev verified); runtime via SecurityService.permissionsOf(DB)
SALES_MANAGER,communication.write_own,DENY,DENY,NONE,MATCH,RBAC-parity oracle: ROLE_PERMISSIONS[code] == DB RolePermission (migration-built + dev verified); runtime via SecurityService.permissionsOf(DB)
SALES_MANAGER,crm.activity.read,GRANT,GRANT,NONE,MATCH,RBAC-parity oracle: ROLE_PERMISSIONS[code] == DB RolePermission (migration-built + dev verified); runtime via SecurityService.permissionsOf(DB)
SALES_MANAGER,crm.company.write,DENY,DENY,NONE,MATCH,RBAC-parity oracle: ROLE_PERMISSIONS[code] == DB RolePermission (migration-built + dev verified); runtime via SecurityService.permissionsOf(DB)
SALES_MANAGER,crm.contact.write,GRANT,GRANT,NONE,MATCH,RBAC-parity oracle: ROLE_PERMISSIONS[code] == DB RolePermission (migration-built + dev verified); runtime via SecurityService.permissionsOf(DB)
SALES_MANAGER,crm.customer.create_own,DENY,DENY,NONE,MATCH,RBAC-parity oracle: ROLE_PERMISSIONS[code] == DB RolePermission (migration-built + dev verified); runtime via SecurityService.permissionsOf(DB)
SALES_MANAGER,crm.customer.read,GRANT,GRANT,NONE,MATCH,RBAC-parity oracle: ROLE_PERMISSIONS[code] == DB RolePermission (migration-built + dev verified); runtime via SecurityService.permissionsOf(DB)
SALES_MANAGER,crm.customer.read_own,DENY,DENY,NONE,MATCH,RBAC-parity oracle: ROLE_PERMISSIONS[code] == DB RolePermission (migration-built + dev verified); runtime via SecurityService.permissionsOf(DB)
SALES_MANAGER,crm.customer.update_own,DENY,DENY,NONE,MATCH,RBAC-parity oracle: ROLE_PERMISSIONS[code] == DB RolePermission (migration-built + dev verified); runtime via SecurityService.permissionsOf(DB)
SALES_MANAGER,crm.customer.write,GRANT,GRANT,NONE,MATCH,RBAC-parity oracle: ROLE_PERMISSIONS[code] == DB RolePermission (migration-built + dev verified); runtime via SecurityService.permissionsOf(DB)
SALES_MANAGER,crm.partner.read,GRANT,GRANT,NONE,MATCH,RBAC-parity oracle: ROLE_PERMISSIONS[code] == DB RolePermission (migration-built + dev verified); runtime via SecurityService.permissionsOf(DB)
SALES_MANAGER,crm.partner.write,DENY,DENY,NONE,MATCH,RBAC-parity oracle: ROLE_PERMISSIONS[code] == DB RolePermission (migration-built + dev verified); runtime via SecurityService.permissionsOf(DB)
SALES_MANAGER,crm.supplier.write,DENY,DENY,NONE,MATCH,RBAC-parity oracle: ROLE_PERMISSIONS[code] == DB RolePermission (migration-built + dev verified); runtime via SecurityService.permissionsOf(DB)
SALES_MANAGER,dashboard.attention.read,DENY,DENY,NONE,MATCH,RBAC-parity oracle: ROLE_PERMISSIONS[code] == DB RolePermission (migration-built + dev verified); runtime via SecurityService.permissionsOf(DB)
SALES_MANAGER,dashboard.catalog.read,DENY,DENY,NONE,MATCH,RBAC-parity oracle: ROLE_PERMISSIONS[code] == DB RolePermission (migration-built + dev verified); runtime via SecurityService.permissionsOf(DB)
SALES_MANAGER,dashboard.channels.read,DENY,DENY,NONE,MATCH,RBAC-parity oracle: ROLE_PERMISSIONS[code] == DB RolePermission (migration-built + dev verified); runtime via SecurityService.permissionsOf(DB)
SALES_MANAGER,dashboard.customize,DENY,DENY,NONE,MATCH,RBAC-parity oracle: ROLE_PERMISSIONS[code] == DB RolePermission (migration-built + dev verified); runtime via SecurityService.permissionsOf(DB)
SALES_MANAGER,dashboard.executive.read,DENY,DENY,NONE,MATCH,RBAC-parity oracle: ROLE_PERMISSIONS[code] == DB RolePermission (migration-built + dev verified); runtime via SecurityService.permissionsOf(DB)
SALES_MANAGER,dashboard.financial.read,DENY,DENY,NONE,MATCH,RBAC-parity oracle: ROLE_PERMISSIONS[code] == DB RolePermission (migration-built + dev verified); runtime via SecurityService.permissionsOf(DB)
SALES_MANAGER,dashboard.insights.read,DENY,DENY,NONE,MATCH,RBAC-parity oracle: ROLE_PERMISSIONS[code] == DB RolePermission (migration-built + dev verified); runtime via SecurityService.permissionsOf(DB)
SALES_MANAGER,dashboard.marketplace.read,DENY,DENY,NONE,MATCH,RBAC-parity oracle: ROLE_PERMISSIONS[code] == DB RolePermission (migration-built + dev verified); runtime via SecurityService.permissionsOf(DB)
SALES_MANAGER,dashboard.operational.read,DENY,DENY,NONE,MATCH,RBAC-parity oracle: ROLE_PERMISSIONS[code] == DB RolePermission (migration-built + dev verified); runtime via SecurityService.permissionsOf(DB)
SALES_MANAGER,documents.read,GRANT,GRANT,NONE,MATCH,RBAC-parity oracle: ROLE_PERMISSIONS[code] == DB RolePermission (migration-built + dev verified); runtime via SecurityService.permissionsOf(DB)
SALES_MANAGER,documents.write,DENY,DENY,NONE,MATCH,RBAC-parity oracle: ROLE_PERMISSIONS[code] == DB RolePermission (migration-built + dev verified); runtime via SecurityService.permissionsOf(DB)
SALES_MANAGER,finance.commission.manage,DENY,DENY,NONE,MATCH,RBAC-parity oracle: ROLE_PERMISSIONS[code] == DB RolePermission (migration-built + dev verified); runtime via SecurityService.permissionsOf(DB)
SALES_MANAGER,finance.commission.read,DENY,DENY,NONE,MATCH,RBAC-parity oracle: ROLE_PERMISSIONS[code] == DB RolePermission (migration-built + dev verified); runtime via SecurityService.permissionsOf(DB)
SALES_MANAGER,finance.commission.write,DENY,DENY,NONE,MATCH,RBAC-parity oracle: ROLE_PERMISSIONS[code] == DB RolePermission (migration-built + dev verified); runtime via SecurityService.permissionsOf(DB)
SALES_MANAGER,finance.currency.manage,DENY,DENY,NONE,MATCH,RBAC-parity oracle: ROLE_PERMISSIONS[code] == DB RolePermission (migration-built + dev verified); runtime via SecurityService.permissionsOf(DB)
SALES_MANAGER,finance.dispute.read,GRANT,GRANT,NONE,MATCH,RBAC-parity oracle: ROLE_PERMISSIONS[code] == DB RolePermission (migration-built + dev verified); runtime via SecurityService.permissionsOf(DB)
SALES_MANAGER,finance.dispute.write,DENY,DENY,NONE,MATCH,RBAC-parity oracle: ROLE_PERMISSIONS[code] == DB RolePermission (migration-built + dev verified); runtime via SecurityService.permissionsOf(DB)
SALES_MANAGER,finance.exchange_rate.manage,DENY,DENY,NONE,MATCH,RBAC-parity oracle: ROLE_PERMISSIONS[code] == DB RolePermission (migration-built + dev verified); runtime via SecurityService.permissionsOf(DB)
SALES_MANAGER,finance.invoice.read,GRANT,GRANT,NONE,MATCH,RBAC-parity oracle: ROLE_PERMISSIONS[code] == DB RolePermission (migration-built + dev verified); runtime via SecurityService.permissionsOf(DB)
SALES_MANAGER,finance.invoice.write,DENY,DENY,NONE,MATCH,RBAC-parity oracle: ROLE_PERMISSIONS[code] == DB RolePermission (migration-built + dev verified); runtime via SecurityService.permissionsOf(DB)
SALES_MANAGER,finance.ledger.read,DENY,DENY,NONE,MATCH,RBAC-parity oracle: ROLE_PERMISSIONS[code] == DB RolePermission (migration-built + dev verified); runtime via SecurityService.permissionsOf(DB)
SALES_MANAGER,finance.payment.create,DENY,DENY,NONE,MATCH,RBAC-parity oracle: ROLE_PERMISSIONS[code] == DB RolePermission (migration-built + dev verified); runtime via SecurityService.permissionsOf(DB)
SALES_MANAGER,finance.payment.manage,DENY,DENY,NONE,MATCH,RBAC-parity oracle: ROLE_PERMISSIONS[code] == DB RolePermission (migration-built + dev verified); runtime via SecurityService.permissionsOf(DB)
SALES_MANAGER,finance.payment.read,GRANT,GRANT,NONE,MATCH,RBAC-parity oracle: ROLE_PERMISSIONS[code] == DB RolePermission (migration-built + dev verified); runtime via SecurityService.permissionsOf(DB)
SALES_MANAGER,finance.payment.write,DENY,DENY,NONE,MATCH,RBAC-parity oracle: ROLE_PERMISSIONS[code] == DB RolePermission (migration-built + dev verified); runtime via SecurityService.permissionsOf(DB)
SALES_MANAGER,finance.payout.read,DENY,DENY,NONE,MATCH,RBAC-parity oracle: ROLE_PERMISSIONS[code] == DB RolePermission (migration-built + dev verified); runtime via SecurityService.permissionsOf(DB)
SALES_MANAGER,finance.provider_fee.read,DENY,DENY,NONE,MATCH,RBAC-parity oracle: ROLE_PERMISSIONS[code] == DB RolePermission (migration-built + dev verified); runtime via SecurityService.permissionsOf(DB)
SALES_MANAGER,finance.refund.approve,DENY,DENY,NONE,MATCH,RBAC-parity oracle: ROLE_PERMISSIONS[code] == DB RolePermission (migration-built + dev verified); runtime via SecurityService.permissionsOf(DB)
SALES_MANAGER,finance.refund.execute,DENY,DENY,NONE,MATCH,RBAC-parity oracle: ROLE_PERMISSIONS[code] == DB RolePermission (migration-built + dev verified); runtime via SecurityService.permissionsOf(DB)
SALES_MANAGER,finance.refund.read,GRANT,GRANT,NONE,MATCH,RBAC-parity oracle: ROLE_PERMISSIONS[code] == DB RolePermission (migration-built + dev verified); runtime via SecurityService.permissionsOf(DB)
SALES_MANAGER,finance.refund.write,DENY,DENY,NONE,MATCH,RBAC-parity oracle: ROLE_PERMISSIONS[code] == DB RolePermission (migration-built + dev verified); runtime via SecurityService.permissionsOf(DB)
SALES_MANAGER,finance.settlement.read,DENY,DENY,NONE,MATCH,RBAC-parity oracle: ROLE_PERMISSIONS[code] == DB RolePermission (migration-built + dev verified); runtime via SecurityService.permissionsOf(DB)
SALES_MANAGER,finance.tax.manage,DENY,DENY,NONE,MATCH,RBAC-parity oracle: ROLE_PERMISSIONS[code] == DB RolePermission (migration-built + dev verified); runtime via SecurityService.permissionsOf(DB)
SALES_MANAGER,marketing.attribution.manage,DENY,DENY,NONE,MATCH,RBAC-parity oracle: ROLE_PERMISSIONS[code] == DB RolePermission (migration-built + dev verified); runtime via SecurityService.permissionsOf(DB)
SALES_MANAGER,marketing.attribution.read,DENY,DENY,NONE,MATCH,RBAC-parity oracle: ROLE_PERMISSIONS[code] == DB RolePermission (migration-built + dev verified); runtime via SecurityService.permissionsOf(DB)
SALES_MANAGER,marketing.audience.manage,DENY,DENY,NONE,MATCH,RBAC-parity oracle: ROLE_PERMISSIONS[code] == DB RolePermission (migration-built + dev verified); runtime via SecurityService.permissionsOf(DB)
SALES_MANAGER,marketing.audience.read,DENY,DENY,NONE,MATCH,RBAC-parity oracle: ROLE_PERMISSIONS[code] == DB RolePermission (migration-built + dev verified); runtime via SecurityService.permissionsOf(DB)
SALES_MANAGER,marketing.campaign.create,DENY,DENY,NONE,MATCH,RBAC-parity oracle: ROLE_PERMISSIONS[code] == DB RolePermission (migration-built + dev verified); runtime via SecurityService.permissionsOf(DB)
SALES_MANAGER,marketing.campaign.delete,DENY,DENY,NONE,MATCH,RBAC-parity oracle: ROLE_PERMISSIONS[code] == DB RolePermission (migration-built + dev verified); runtime via SecurityService.permissionsOf(DB)
SALES_MANAGER,marketing.campaign.read,DENY,DENY,NONE,MATCH,RBAC-parity oracle: ROLE_PERMISSIONS[code] == DB RolePermission (migration-built + dev verified); runtime via SecurityService.permissionsOf(DB)
SALES_MANAGER,marketing.campaign.update,DENY,DENY,NONE,MATCH,RBAC-parity oracle: ROLE_PERMISSIONS[code] == DB RolePermission (migration-built + dev verified); runtime via SecurityService.permissionsOf(DB)
SALES_MANAGER,marketing.read,DENY,DENY,NONE,MATCH,RBAC-parity oracle: ROLE_PERMISSIONS[code] == DB RolePermission (migration-built + dev verified); runtime via SecurityService.permissionsOf(DB)
SALES_MANAGER,moderation.approve,DENY,DENY,NONE,MATCH,RBAC-parity oracle: ROLE_PERMISSIONS[code] == DB RolePermission (migration-built + dev verified); runtime via SecurityService.permissionsOf(DB)
SALES_MANAGER,moderation.reject,DENY,DENY,NONE,MATCH,RBAC-parity oracle: ROLE_PERMISSIONS[code] == DB RolePermission (migration-built + dev verified); runtime via SecurityService.permissionsOf(DB)
SALES_MANAGER,moderation.request_changes,DENY,DENY,NONE,MATCH,RBAC-parity oracle: ROLE_PERMISSIONS[code] == DB RolePermission (migration-built + dev verified); runtime via SecurityService.permissionsOf(DB)
SALES_MANAGER,moderation.review,DENY,DENY,NONE,MATCH,RBAC-parity oracle: ROLE_PERMISSIONS[code] == DB RolePermission (migration-built + dev verified); runtime via SecurityService.permissionsOf(DB)
SALES_MANAGER,operational-notes.create,GRANT,GRANT,NONE,MATCH,RBAC-parity oracle: ROLE_PERMISSIONS[code] == DB RolePermission (migration-built + dev verified); runtime via SecurityService.permissionsOf(DB)
SALES_MANAGER,operational-notes.delete,DENY,DENY,NONE,MATCH,RBAC-parity oracle: ROLE_PERMISSIONS[code] == DB RolePermission (migration-built + dev verified); runtime via SecurityService.permissionsOf(DB)
SALES_MANAGER,operational-notes.read,GRANT,GRANT,NONE,MATCH,RBAC-parity oracle: ROLE_PERMISSIONS[code] == DB RolePermission (migration-built + dev verified); runtime via SecurityService.permissionsOf(DB)
SALES_MANAGER,operational-notes.update,DENY,DENY,NONE,MATCH,RBAC-parity oracle: ROLE_PERMISSIONS[code] == DB RolePermission (migration-built + dev verified); runtime via SecurityService.permissionsOf(DB)
SALES_MANAGER,order.accept,DENY,DENY,NONE,MATCH,RBAC-parity oracle: ROLE_PERMISSIONS[code] == DB RolePermission (migration-built + dev verified); runtime via SecurityService.permissionsOf(DB)
SALES_MANAGER,order.cancel,DENY,DENY,NONE,MATCH,RBAC-parity oracle: ROLE_PERMISSIONS[code] == DB RolePermission (migration-built + dev verified); runtime via SecurityService.permissionsOf(DB)
SALES_MANAGER,order.close,DENY,DENY,NONE,MATCH,RBAC-parity oracle: ROLE_PERMISSIONS[code] == DB RolePermission (migration-built + dev verified); runtime via SecurityService.permissionsOf(DB)
SALES_MANAGER,order.edit_noncritical,DENY,DENY,NONE,MATCH,RBAC-parity oracle: ROLE_PERMISSIONS[code] == DB RolePermission (migration-built + dev verified); runtime via SecurityService.permissionsOf(DB)
SALES_MANAGER,order.read,GRANT,GRANT,NONE,MATCH,RBAC-parity oracle: ROLE_PERMISSIONS[code] == DB RolePermission (migration-built + dev verified); runtime via SecurityService.permissionsOf(DB)
SALES_MANAGER,order.request_booking,DENY,DENY,NONE,MATCH,RBAC-parity oracle: ROLE_PERMISSIONS[code] == DB RolePermission (migration-built + dev verified); runtime via SecurityService.permissionsOf(DB)
SALES_MANAGER,order.suspend,DENY,DENY,NONE,MATCH,RBAC-parity oracle: ROLE_PERMISSIONS[code] == DB RolePermission (migration-built + dev verified); runtime via SecurityService.permissionsOf(DB)
SALES_MANAGER,partner.onboarding.read_own,DENY,DENY,NONE,MATCH,RBAC-parity oracle: ROLE_PERMISSIONS[code] == DB RolePermission (migration-built + dev verified); runtime via SecurityService.permissionsOf(DB)
SALES_MANAGER,partner.onboarding.review,DENY,DENY,NONE,MATCH,RBAC-parity oracle: ROLE_PERMISSIONS[code] == DB RolePermission (migration-built + dev verified); runtime via SecurityService.permissionsOf(DB)
SALES_MANAGER,partner.onboarding.submit_own,DENY,DENY,NONE,MATCH,RBAC-parity oracle: ROLE_PERMISSIONS[code] == DB RolePermission (migration-built + dev verified); runtime via SecurityService.permissionsOf(DB)
SALES_MANAGER,partner.onboarding.update_own,DENY,DENY,NONE,MATCH,RBAC-parity oracle: ROLE_PERMISSIONS[code] == DB RolePermission (migration-built + dev verified); runtime via SecurityService.permissionsOf(DB)
SALES_MANAGER,reports.read,DENY,DENY,NONE,MATCH,RBAC-parity oracle: ROLE_PERMISSIONS[code] == DB RolePermission (migration-built + dev verified); runtime via SecurityService.permissionsOf(DB)
SALES_MANAGER,reverse.capability.read_own,DENY,DENY,NONE,MATCH,RBAC-parity oracle: ROLE_PERMISSIONS[code] == DB RolePermission (migration-built + dev verified); runtime via SecurityService.permissionsOf(DB)
SALES_MANAGER,reverse.capability.write_own,DENY,DENY,NONE,MATCH,RBAC-parity oracle: ROLE_PERMISSIONS[code] == DB RolePermission (migration-built + dev verified); runtime via SecurityService.permissionsOf(DB)
SALES_MANAGER,reverse.distribution.read_own,DENY,DENY,NONE,MATCH,RBAC-parity oracle: ROLE_PERMISSIONS[code] == DB RolePermission (migration-built + dev verified); runtime via SecurityService.permissionsOf(DB)
SALES_MANAGER,reverse.match.run,DENY,DENY,NONE,MATCH,RBAC-parity oracle: ROLE_PERMISSIONS[code] == DB RolePermission (migration-built + dev verified); runtime via SecurityService.permissionsOf(DB)
SALES_MANAGER,reverse.proposal.read_own,DENY,DENY,NONE,MATCH,RBAC-parity oracle: ROLE_PERMISSIONS[code] == DB RolePermission (migration-built + dev verified); runtime via SecurityService.permissionsOf(DB)
SALES_MANAGER,reverse.proposal.select_own,DENY,DENY,NONE,MATCH,RBAC-parity oracle: ROLE_PERMISSIONS[code] == DB RolePermission (migration-built + dev verified); runtime via SecurityService.permissionsOf(DB)
SALES_MANAGER,reverse.proposal.write_own,DENY,DENY,NONE,MATCH,RBAC-parity oracle: ROLE_PERMISSIONS[code] == DB RolePermission (migration-built + dev verified); runtime via SecurityService.permissionsOf(DB)
SALES_MANAGER,reverse.request.read_own,DENY,DENY,NONE,MATCH,RBAC-parity oracle: ROLE_PERMISSIONS[code] == DB RolePermission (migration-built + dev verified); runtime via SecurityService.permissionsOf(DB)
SALES_MANAGER,reverse.request.write_own,DENY,DENY,NONE,MATCH,RBAC-parity oracle: ROLE_PERMISSIONS[code] == DB RolePermission (migration-built + dev verified); runtime via SecurityService.permissionsOf(DB)
SALES_MANAGER,sales.checkout.read,GRANT,GRANT,NONE,MATCH,RBAC-parity oracle: ROLE_PERMISSIONS[code] == DB RolePermission (migration-built + dev verified); runtime via SecurityService.permissionsOf(DB)
SALES_MANAGER,sales.checkout.write,GRANT,GRANT,NONE,MATCH,RBAC-parity oracle: ROLE_PERMISSIONS[code] == DB RolePermission (migration-built + dev verified); runtime via SecurityService.permissionsOf(DB)
SALES_MANAGER,sales.kpi.read,GRANT,GRANT,NONE,MATCH,RBAC-parity oracle: ROLE_PERMISSIONS[code] == DB RolePermission (migration-built + dev verified); runtime via SecurityService.permissionsOf(DB)
SALES_MANAGER,sales.lead.read,GRANT,GRANT,NONE,MATCH,RBAC-parity oracle: ROLE_PERMISSIONS[code] == DB RolePermission (migration-built + dev verified); runtime via SecurityService.permissionsOf(DB)
SALES_MANAGER,sales.lead.write,GRANT,GRANT,NONE,MATCH,RBAC-parity oracle: ROLE_PERMISSIONS[code] == DB RolePermission (migration-built + dev verified); runtime via SecurityService.permissionsOf(DB)
SALES_MANAGER,sales.opportunity.read,GRANT,GRANT,NONE,MATCH,RBAC-parity oracle: ROLE_PERMISSIONS[code] == DB RolePermission (migration-built + dev verified); runtime via SecurityService.permissionsOf(DB)
SALES_MANAGER,sales.opportunity.write,GRANT,GRANT,NONE,MATCH,RBAC-parity oracle: ROLE_PERMISSIONS[code] == DB RolePermission (migration-built + dev verified); runtime via SecurityService.permissionsOf(DB)
SALES_MANAGER,sales.quote.approve,GRANT,GRANT,NONE,MATCH,RBAC-parity oracle: ROLE_PERMISSIONS[code] == DB RolePermission (migration-built + dev verified); runtime via SecurityService.permissionsOf(DB)
SALES_MANAGER,sales.quote.read,GRANT,GRANT,NONE,MATCH,RBAC-parity oracle: ROLE_PERMISSIONS[code] == DB RolePermission (migration-built + dev verified); runtime via SecurityService.permissionsOf(DB)
SALES_MANAGER,sales.quote.write,GRANT,GRANT,NONE,MATCH,RBAC-parity oracle: ROLE_PERMISSIONS[code] == DB RolePermission (migration-built + dev verified); runtime via SecurityService.permissionsOf(DB)
SALES_MANAGER,sales.sale.complete,GRANT,GRANT,NONE,MATCH,RBAC-parity oracle: ROLE_PERMISSIONS[code] == DB RolePermission (migration-built + dev verified); runtime via SecurityService.permissionsOf(DB)
SALES_MANAGER,sales.sale.read,GRANT,GRANT,NONE,MATCH,RBAC-parity oracle: ROLE_PERMISSIONS[code] == DB RolePermission (migration-built + dev verified); runtime via SecurityService.permissionsOf(DB)
SALES_MANAGER,sales.sale.write,GRANT,GRANT,NONE,MATCH,RBAC-parity oracle: ROLE_PERMISSIONS[code] == DB RolePermission (migration-built + dev verified); runtime via SecurityService.permissionsOf(DB)
SALES_MANAGER,seller_public_profile.approve_alias,DENY,DENY,NONE,MATCH,RBAC-parity oracle: ROLE_PERMISSIONS[code] == DB RolePermission (migration-built + dev verified); runtime via SecurityService.permissionsOf(DB)
SALES_MANAGER,seller_public_profile.approve_brand,DENY,DENY,NONE,MATCH,RBAC-parity oracle: ROLE_PERMISSIONS[code] == DB RolePermission (migration-built + dev verified); runtime via SecurityService.permissionsOf(DB)
SALES_MANAGER,seller_public_profile.hide_identity,DENY,DENY,NONE,MATCH,RBAC-parity oracle: ROLE_PERMISSIONS[code] == DB RolePermission (migration-built + dev verified); runtime via SecurityService.permissionsOf(DB)
SALES_MANAGER,seller_public_profile.propose,DENY,DENY,NONE,MATCH,RBAC-parity oracle: ROLE_PERMISSIONS[code] == DB RolePermission (migration-built + dev verified); runtime via SecurityService.permissionsOf(DB)
SALES_MANAGER,seller_public_profile.read_own,DENY,DENY,NONE,MATCH,RBAC-parity oracle: ROLE_PERMISSIONS[code] == DB RolePermission (migration-built + dev verified); runtime via SecurityService.permissionsOf(DB)
SALES_MANAGER,seller_public_profile.request_changes,DENY,DENY,NONE,MATCH,RBAC-parity oracle: ROLE_PERMISSIONS[code] == DB RolePermission (migration-built + dev verified); runtime via SecurityService.permissionsOf(DB)
SALES_MANAGER,seller_public_profile.review,DENY,DENY,NONE,MATCH,RBAC-parity oracle: ROLE_PERMISSIONS[code] == DB RolePermission (migration-built + dev verified); runtime via SecurityService.permissionsOf(DB)
SALES_MANAGER,settings.read,DENY,DENY,NONE,MATCH,RBAC-parity oracle: ROLE_PERMISSIONS[code] == DB RolePermission (migration-built + dev verified); runtime via SecurityService.permissionsOf(DB)
SALES_MANAGER,settings.write,DENY,DENY,NONE,MATCH,RBAC-parity oracle: ROLE_PERMISSIONS[code] == DB RolePermission (migration-built + dev verified); runtime via SecurityService.permissionsOf(DB)
SALES_MANAGER,storefront.activate_own,DENY,DENY,NONE,MATCH,RBAC-parity oracle: ROLE_PERMISSIONS[code] == DB RolePermission (migration-built + dev verified); runtime via SecurityService.permissionsOf(DB)
SALES_MANAGER,storefront.create_own,DENY,DENY,NONE,MATCH,RBAC-parity oracle: ROLE_PERMISSIONS[code] == DB RolePermission (migration-built + dev verified); runtime via SecurityService.permissionsOf(DB)
SALES_MANAGER,storefront.entitlement.manage,DENY,DENY,NONE,MATCH,RBAC-parity oracle: ROLE_PERMISSIONS[code] == DB RolePermission (migration-built + dev verified); runtime via SecurityService.permissionsOf(DB)
SALES_MANAGER,storefront.read_own,DENY,DENY,NONE,MATCH,RBAC-parity oracle: ROLE_PERMISSIONS[code] == DB RolePermission (migration-built + dev verified); runtime via SecurityService.permissionsOf(DB)
SALES_MANAGER,storefront.update_own,DENY,DENY,NONE,MATCH,RBAC-parity oracle: ROLE_PERMISSIONS[code] == DB RolePermission (migration-built + dev verified); runtime via SecurityService.permissionsOf(DB)
SALES_MANAGER,support.case.assign,DENY,DENY,NONE,MATCH,RBAC-parity oracle: ROLE_PERMISSIONS[code] == DB RolePermission (migration-built + dev verified); runtime via SecurityService.permissionsOf(DB)
SALES_MANAGER,support.case.create,DENY,DENY,NONE,MATCH,RBAC-parity oracle: ROLE_PERMISSIONS[code] == DB RolePermission (migration-built + dev verified); runtime via SecurityService.permissionsOf(DB)
SALES_MANAGER,support.case.delete,DENY,DENY,NONE,MATCH,RBAC-parity oracle: ROLE_PERMISSIONS[code] == DB RolePermission (migration-built + dev verified); runtime via SecurityService.permissionsOf(DB)
SALES_MANAGER,support.case.read,GRANT,GRANT,NONE,MATCH,RBAC-parity oracle: ROLE_PERMISSIONS[code] == DB RolePermission (migration-built + dev verified); runtime via SecurityService.permissionsOf(DB)
SALES_MANAGER,support.case.update,DENY,DENY,NONE,MATCH,RBAC-parity oracle: ROLE_PERMISSIONS[code] == DB RolePermission (migration-built + dev verified); runtime via SecurityService.permissionsOf(DB)
SALES_MANAGER,support.read,GRANT,GRANT,NONE,MATCH,RBAC-parity oracle: ROLE_PERMISSIONS[code] == DB RolePermission (migration-built + dev verified); runtime via SecurityService.permissionsOf(DB)
SALES_MANAGER,support.write,DENY,DENY,NONE,MATCH,RBAC-parity oracle: ROLE_PERMISSIONS[code] == DB RolePermission (migration-built + dev verified); runtime via SecurityService.permissionsOf(DB)
OPERATOR,account.booking.read_own,DENY,DENY,NONE,MATCH,RBAC-parity oracle: ROLE_PERMISSIONS[code] == DB RolePermission (migration-built + dev verified); runtime via SecurityService.permissionsOf(DB)
OPERATOR,account.document.read_own,DENY,DENY,NONE,MATCH,RBAC-parity oracle: ROLE_PERMISSIONS[code] == DB RolePermission (migration-built + dev verified); runtime via SecurityService.permissionsOf(DB)
OPERATOR,account.order.read_own,DENY,DENY,NONE,MATCH,RBAC-parity oracle: ROLE_PERMISSIONS[code] == DB RolePermission (migration-built + dev verified); runtime via SecurityService.permissionsOf(DB)
OPERATOR,account.payment.read_own,DENY,DENY,NONE,MATCH,RBAC-parity oracle: ROLE_PERMISSIONS[code] == DB RolePermission (migration-built + dev verified); runtime via SecurityService.permissionsOf(DB)
OPERATOR,account.profile.read,GRANT,GRANT,NONE,MATCH,RBAC-parity oracle: ROLE_PERMISSIONS[code] == DB RolePermission (migration-built + dev verified); runtime via SecurityService.permissionsOf(DB)
OPERATOR,account.profile.update,GRANT,GRANT,NONE,MATCH,RBAC-parity oracle: ROLE_PERMISSIONS[code] == DB RolePermission (migration-built + dev verified); runtime via SecurityService.permissionsOf(DB)
OPERATOR,account.support.read_own,DENY,DENY,NONE,MATCH,RBAC-parity oracle: ROLE_PERMISSIONS[code] == DB RolePermission (migration-built + dev verified); runtime via SecurityService.permissionsOf(DB)
OPERATOR,analytics.read,GRANT,GRANT,NONE,MATCH,RBAC-parity oracle: ROLE_PERMISSIONS[code] == DB RolePermission (migration-built + dev verified); runtime via SecurityService.permissionsOf(DB)
OPERATOR,audit.read,DENY,DENY,NONE,MATCH,RBAC-parity oracle: ROLE_PERMISSIONS[code] == DB RolePermission (migration-built + dev verified); runtime via SecurityService.permissionsOf(DB)
OPERATOR,booking.cancel,GRANT,GRANT,NONE,MATCH,RBAC-parity oracle: ROLE_PERMISSIONS[code] == DB RolePermission (migration-built + dev verified); runtime via SecurityService.permissionsOf(DB)
OPERATOR,booking.confirm,GRANT,GRANT,NONE,MATCH,RBAC-parity oracle: ROLE_PERMISSIONS[code] == DB RolePermission (migration-built + dev verified); runtime via SecurityService.permissionsOf(DB)
OPERATOR,booking.read,GRANT,GRANT,NONE,MATCH,RBAC-parity oracle: ROLE_PERMISSIONS[code] == DB RolePermission (migration-built + dev verified); runtime via SecurityService.permissionsOf(DB)
OPERATOR,booking.request_change,GRANT,GRANT,NONE,MATCH,RBAC-parity oracle: ROLE_PERMISSIONS[code] == DB RolePermission (migration-built + dev verified); runtime via SecurityService.permissionsOf(DB)
OPERATOR,booking.send_supplier,GRANT,GRANT,NONE,MATCH,RBAC-parity oracle: ROLE_PERMISSIONS[code] == DB RolePermission (migration-built + dev verified); runtime via SecurityService.permissionsOf(DB)
OPERATOR,catalog.availability.write,DENY,DENY,NONE,MATCH,RBAC-parity oracle: ROLE_PERMISSIONS[code] == DB RolePermission (migration-built + dev verified); runtime via SecurityService.permissionsOf(DB)
OPERATOR,catalog.category.write,DENY,DENY,NONE,MATCH,RBAC-parity oracle: ROLE_PERMISSIONS[code] == DB RolePermission (migration-built + dev verified); runtime via SecurityService.permissionsOf(DB)
OPERATOR,catalog.category_schema.read,DENY,DENY,NONE,MATCH,RBAC-parity oracle: ROLE_PERMISSIONS[code] == DB RolePermission (migration-built + dev verified); runtime via SecurityService.permissionsOf(DB)
OPERATOR,catalog.category_schema.read_active_for_product_edit,DENY,DENY,NONE,MATCH,RBAC-parity oracle: ROLE_PERMISSIONS[code] == DB RolePermission (migration-built + dev verified); runtime via SecurityService.permissionsOf(DB)
OPERATOR,catalog.category_schema.write,DENY,DENY,NONE,MATCH,RBAC-parity oracle: ROLE_PERMISSIONS[code] == DB RolePermission (migration-built + dev verified); runtime via SecurityService.permissionsOf(DB)
OPERATOR,catalog.media.delete_own,DENY,DENY,NONE,MATCH,RBAC-parity oracle: ROLE_PERMISSIONS[code] == DB RolePermission (migration-built + dev verified); runtime via SecurityService.permissionsOf(DB)
OPERATOR,catalog.media.read_for_moderation,DENY,DENY,NONE,MATCH,RBAC-parity oracle: ROLE_PERMISSIONS[code] == DB RolePermission (migration-built + dev verified); runtime via SecurityService.permissionsOf(DB)
OPERATOR,catalog.media.reorder_own,DENY,DENY,NONE,MATCH,RBAC-parity oracle: ROLE_PERMISSIONS[code] == DB RolePermission (migration-built + dev verified); runtime via SecurityService.permissionsOf(DB)
OPERATOR,catalog.media.set_primary_own,DENY,DENY,NONE,MATCH,RBAC-parity oracle: ROLE_PERMISSIONS[code] == DB RolePermission (migration-built + dev verified); runtime via SecurityService.permissionsOf(DB)
OPERATOR,catalog.media.update_own,DENY,DENY,NONE,MATCH,RBAC-parity oracle: ROLE_PERMISSIONS[code] == DB RolePermission (migration-built + dev verified); runtime via SecurityService.permissionsOf(DB)
OPERATOR,catalog.media.upload_own,DENY,DENY,NONE,MATCH,RBAC-parity oracle: ROLE_PERMISSIONS[code] == DB RolePermission (migration-built + dev verified); runtime via SecurityService.permissionsOf(DB)
OPERATOR,catalog.product.channels_own,DENY,DENY,NONE,MATCH,RBAC-parity oracle: ROLE_PERMISSIONS[code] == DB RolePermission (migration-built + dev verified); runtime via SecurityService.permissionsOf(DB)
OPERATOR,catalog.product.create_own,DENY,DENY,NONE,MATCH,RBAC-parity oracle: ROLE_PERMISSIONS[code] == DB RolePermission (migration-built + dev verified); runtime via SecurityService.permissionsOf(DB)
OPERATOR,catalog.product.publish,DENY,DENY,NONE,MATCH,RBAC-parity oracle: ROLE_PERMISSIONS[code] == DB RolePermission (migration-built + dev verified); runtime via SecurityService.permissionsOf(DB)
OPERATOR,catalog.product.read,GRANT,GRANT,NONE,MATCH,RBAC-parity oracle: ROLE_PERMISSIONS[code] == DB RolePermission (migration-built + dev verified); runtime via SecurityService.permissionsOf(DB)
OPERATOR,catalog.product.read_for_moderation,DENY,DENY,NONE,MATCH,RBAC-parity oracle: ROLE_PERMISSIONS[code] == DB RolePermission (migration-built + dev verified); runtime via SecurityService.permissionsOf(DB)
OPERATOR,catalog.product.read_own,DENY,DENY,NONE,MATCH,RBAC-parity oracle: ROLE_PERMISSIONS[code] == DB RolePermission (migration-built + dev verified); runtime via SecurityService.permissionsOf(DB)
OPERATOR,catalog.product.submit_moderation,DENY,DENY,NONE,MATCH,RBAC-parity oracle: ROLE_PERMISSIONS[code] == DB RolePermission (migration-built + dev verified); runtime via SecurityService.permissionsOf(DB)
OPERATOR,catalog.product.update_own_draft,DENY,DENY,NONE,MATCH,RBAC-parity oracle: ROLE_PERMISSIONS[code] == DB RolePermission (migration-built + dev verified); runtime via SecurityService.permissionsOf(DB)
OPERATOR,catalog.product.write,DENY,DENY,NONE,MATCH,RBAC-parity oracle: ROLE_PERMISSIONS[code] == DB RolePermission (migration-built + dev verified); runtime via SecurityService.permissionsOf(DB)
OPERATOR,catalog.rate_plan.publish,DENY,DENY,NONE,MATCH,RBAC-parity oracle: ROLE_PERMISSIONS[code] == DB RolePermission (migration-built + dev verified); runtime via SecurityService.permissionsOf(DB)
OPERATOR,catalog.service_unit.publish,DENY,DENY,NONE,MATCH,RBAC-parity oracle: ROLE_PERMISSIONS[code] == DB RolePermission (migration-built + dev verified); runtime via SecurityService.permissionsOf(DB)
OPERATOR,communication.create,GRANT,GRANT,NONE,MATCH,RBAC-parity oracle: ROLE_PERMISSIONS[code] == DB RolePermission (migration-built + dev verified); runtime via SecurityService.permissionsOf(DB)
OPERATOR,communication.read,GRANT,GRANT,NONE,MATCH,RBAC-parity oracle: ROLE_PERMISSIONS[code] == DB RolePermission (migration-built + dev verified); runtime via SecurityService.permissionsOf(DB)
OPERATOR,communication.read_own,DENY,DENY,NONE,MATCH,RBAC-parity oracle: ROLE_PERMISSIONS[code] == DB RolePermission (migration-built + dev verified); runtime via SecurityService.permissionsOf(DB)
OPERATOR,communication.write_own,DENY,DENY,NONE,MATCH,RBAC-parity oracle: ROLE_PERMISSIONS[code] == DB RolePermission (migration-built + dev verified); runtime via SecurityService.permissionsOf(DB)
OPERATOR,crm.activity.read,GRANT,GRANT,NONE,MATCH,RBAC-parity oracle: ROLE_PERMISSIONS[code] == DB RolePermission (migration-built + dev verified); runtime via SecurityService.permissionsOf(DB)
OPERATOR,crm.company.write,DENY,DENY,NONE,MATCH,RBAC-parity oracle: ROLE_PERMISSIONS[code] == DB RolePermission (migration-built + dev verified); runtime via SecurityService.permissionsOf(DB)
OPERATOR,crm.contact.write,GRANT,GRANT,NONE,MATCH,RBAC-parity oracle: ROLE_PERMISSIONS[code] == DB RolePermission (migration-built + dev verified); runtime via SecurityService.permissionsOf(DB)
OPERATOR,crm.customer.create_own,DENY,DENY,NONE,MATCH,RBAC-parity oracle: ROLE_PERMISSIONS[code] == DB RolePermission (migration-built + dev verified); runtime via SecurityService.permissionsOf(DB)
OPERATOR,crm.customer.read,GRANT,GRANT,NONE,MATCH,RBAC-parity oracle: ROLE_PERMISSIONS[code] == DB RolePermission (migration-built + dev verified); runtime via SecurityService.permissionsOf(DB)
OPERATOR,crm.customer.read_own,DENY,DENY,NONE,MATCH,RBAC-parity oracle: ROLE_PERMISSIONS[code] == DB RolePermission (migration-built + dev verified); runtime via SecurityService.permissionsOf(DB)
OPERATOR,crm.customer.update_own,DENY,DENY,NONE,MATCH,RBAC-parity oracle: ROLE_PERMISSIONS[code] == DB RolePermission (migration-built + dev verified); runtime via SecurityService.permissionsOf(DB)
OPERATOR,crm.customer.write,GRANT,GRANT,NONE,MATCH,RBAC-parity oracle: ROLE_PERMISSIONS[code] == DB RolePermission (migration-built + dev verified); runtime via SecurityService.permissionsOf(DB)
OPERATOR,crm.partner.read,GRANT,GRANT,NONE,MATCH,RBAC-parity oracle: ROLE_PERMISSIONS[code] == DB RolePermission (migration-built + dev verified); runtime via SecurityService.permissionsOf(DB)
OPERATOR,crm.partner.write,DENY,DENY,NONE,MATCH,RBAC-parity oracle: ROLE_PERMISSIONS[code] == DB RolePermission (migration-built + dev verified); runtime via SecurityService.permissionsOf(DB)
OPERATOR,crm.supplier.write,DENY,DENY,NONE,MATCH,RBAC-parity oracle: ROLE_PERMISSIONS[code] == DB RolePermission (migration-built + dev verified); runtime via SecurityService.permissionsOf(DB)
OPERATOR,dashboard.attention.read,GRANT,GRANT,NONE,MATCH,RBAC-parity oracle: ROLE_PERMISSIONS[code] == DB RolePermission (migration-built + dev verified); runtime via SecurityService.permissionsOf(DB)
OPERATOR,dashboard.catalog.read,DENY,DENY,NONE,MATCH,RBAC-parity oracle: ROLE_PERMISSIONS[code] == DB RolePermission (migration-built + dev verified); runtime via SecurityService.permissionsOf(DB)
OPERATOR,dashboard.channels.read,DENY,DENY,NONE,MATCH,RBAC-parity oracle: ROLE_PERMISSIONS[code] == DB RolePermission (migration-built + dev verified); runtime via SecurityService.permissionsOf(DB)
OPERATOR,dashboard.customize,DENY,DENY,NONE,MATCH,RBAC-parity oracle: ROLE_PERMISSIONS[code] == DB RolePermission (migration-built + dev verified); runtime via SecurityService.permissionsOf(DB)
OPERATOR,dashboard.executive.read,DENY,DENY,NONE,MATCH,RBAC-parity oracle: ROLE_PERMISSIONS[code] == DB RolePermission (migration-built + dev verified); runtime via SecurityService.permissionsOf(DB)
OPERATOR,dashboard.financial.read,DENY,DENY,NONE,MATCH,RBAC-parity oracle: ROLE_PERMISSIONS[code] == DB RolePermission (migration-built + dev verified); runtime via SecurityService.permissionsOf(DB)
OPERATOR,dashboard.insights.read,DENY,DENY,NONE,MATCH,RBAC-parity oracle: ROLE_PERMISSIONS[code] == DB RolePermission (migration-built + dev verified); runtime via SecurityService.permissionsOf(DB)
OPERATOR,dashboard.marketplace.read,DENY,DENY,NONE,MATCH,RBAC-parity oracle: ROLE_PERMISSIONS[code] == DB RolePermission (migration-built + dev verified); runtime via SecurityService.permissionsOf(DB)
OPERATOR,dashboard.operational.read,GRANT,GRANT,NONE,MATCH,RBAC-parity oracle: ROLE_PERMISSIONS[code] == DB RolePermission (migration-built + dev verified); runtime via SecurityService.permissionsOf(DB)
OPERATOR,documents.read,GRANT,GRANT,NONE,MATCH,RBAC-parity oracle: ROLE_PERMISSIONS[code] == DB RolePermission (migration-built + dev verified); runtime via SecurityService.permissionsOf(DB)
OPERATOR,documents.write,GRANT,GRANT,NONE,MATCH,RBAC-parity oracle: ROLE_PERMISSIONS[code] == DB RolePermission (migration-built + dev verified); runtime via SecurityService.permissionsOf(DB)
OPERATOR,finance.commission.manage,DENY,DENY,NONE,MATCH,RBAC-parity oracle: ROLE_PERMISSIONS[code] == DB RolePermission (migration-built + dev verified); runtime via SecurityService.permissionsOf(DB)
OPERATOR,finance.commission.read,DENY,DENY,NONE,MATCH,RBAC-parity oracle: ROLE_PERMISSIONS[code] == DB RolePermission (migration-built + dev verified); runtime via SecurityService.permissionsOf(DB)
OPERATOR,finance.commission.write,DENY,DENY,NONE,MATCH,RBAC-parity oracle: ROLE_PERMISSIONS[code] == DB RolePermission (migration-built + dev verified); runtime via SecurityService.permissionsOf(DB)
OPERATOR,finance.currency.manage,DENY,DENY,NONE,MATCH,RBAC-parity oracle: ROLE_PERMISSIONS[code] == DB RolePermission (migration-built + dev verified); runtime via SecurityService.permissionsOf(DB)
OPERATOR,finance.dispute.read,DENY,DENY,NONE,MATCH,RBAC-parity oracle: ROLE_PERMISSIONS[code] == DB RolePermission (migration-built + dev verified); runtime via SecurityService.permissionsOf(DB)
OPERATOR,finance.dispute.write,DENY,DENY,NONE,MATCH,RBAC-parity oracle: ROLE_PERMISSIONS[code] == DB RolePermission (migration-built + dev verified); runtime via SecurityService.permissionsOf(DB)
OPERATOR,finance.exchange_rate.manage,DENY,DENY,NONE,MATCH,RBAC-parity oracle: ROLE_PERMISSIONS[code] == DB RolePermission (migration-built + dev verified); runtime via SecurityService.permissionsOf(DB)
OPERATOR,finance.invoice.read,DENY,DENY,NONE,MATCH,RBAC-parity oracle: ROLE_PERMISSIONS[code] == DB RolePermission (migration-built + dev verified); runtime via SecurityService.permissionsOf(DB)
OPERATOR,finance.invoice.write,DENY,DENY,NONE,MATCH,RBAC-parity oracle: ROLE_PERMISSIONS[code] == DB RolePermission (migration-built + dev verified); runtime via SecurityService.permissionsOf(DB)
OPERATOR,finance.ledger.read,DENY,DENY,NONE,MATCH,RBAC-parity oracle: ROLE_PERMISSIONS[code] == DB RolePermission (migration-built + dev verified); runtime via SecurityService.permissionsOf(DB)
OPERATOR,finance.payment.create,DENY,DENY,NONE,MATCH,RBAC-parity oracle: ROLE_PERMISSIONS[code] == DB RolePermission (migration-built + dev verified); runtime via SecurityService.permissionsOf(DB)
OPERATOR,finance.payment.manage,DENY,DENY,NONE,MATCH,RBAC-parity oracle: ROLE_PERMISSIONS[code] == DB RolePermission (migration-built + dev verified); runtime via SecurityService.permissionsOf(DB)
OPERATOR,finance.payment.read,DENY,DENY,NONE,MATCH,RBAC-parity oracle: ROLE_PERMISSIONS[code] == DB RolePermission (migration-built + dev verified); runtime via SecurityService.permissionsOf(DB)
OPERATOR,finance.payment.write,DENY,DENY,NONE,MATCH,RBAC-parity oracle: ROLE_PERMISSIONS[code] == DB RolePermission (migration-built + dev verified); runtime via SecurityService.permissionsOf(DB)
OPERATOR,finance.payout.read,DENY,DENY,NONE,MATCH,RBAC-parity oracle: ROLE_PERMISSIONS[code] == DB RolePermission (migration-built + dev verified); runtime via SecurityService.permissionsOf(DB)
OPERATOR,finance.provider_fee.read,DENY,DENY,NONE,MATCH,RBAC-parity oracle: ROLE_PERMISSIONS[code] == DB RolePermission (migration-built + dev verified); runtime via SecurityService.permissionsOf(DB)
OPERATOR,finance.refund.approve,DENY,DENY,NONE,MATCH,RBAC-parity oracle: ROLE_PERMISSIONS[code] == DB RolePermission (migration-built + dev verified); runtime via SecurityService.permissionsOf(DB)
OPERATOR,finance.refund.execute,DENY,DENY,NONE,MATCH,RBAC-parity oracle: ROLE_PERMISSIONS[code] == DB RolePermission (migration-built + dev verified); runtime via SecurityService.permissionsOf(DB)
OPERATOR,finance.refund.read,DENY,DENY,NONE,MATCH,RBAC-parity oracle: ROLE_PERMISSIONS[code] == DB RolePermission (migration-built + dev verified); runtime via SecurityService.permissionsOf(DB)
OPERATOR,finance.refund.write,DENY,DENY,NONE,MATCH,RBAC-parity oracle: ROLE_PERMISSIONS[code] == DB RolePermission (migration-built + dev verified); runtime via SecurityService.permissionsOf(DB)
OPERATOR,finance.settlement.read,DENY,DENY,NONE,MATCH,RBAC-parity oracle: ROLE_PERMISSIONS[code] == DB RolePermission (migration-built + dev verified); runtime via SecurityService.permissionsOf(DB)
OPERATOR,finance.tax.manage,DENY,DENY,NONE,MATCH,RBAC-parity oracle: ROLE_PERMISSIONS[code] == DB RolePermission (migration-built + dev verified); runtime via SecurityService.permissionsOf(DB)
OPERATOR,marketing.attribution.manage,GRANT,GRANT,NONE,MATCH,RBAC-parity oracle: ROLE_PERMISSIONS[code] == DB RolePermission (migration-built + dev verified); runtime via SecurityService.permissionsOf(DB)
OPERATOR,marketing.attribution.read,GRANT,GRANT,NONE,MATCH,RBAC-parity oracle: ROLE_PERMISSIONS[code] == DB RolePermission (migration-built + dev verified); runtime via SecurityService.permissionsOf(DB)
OPERATOR,marketing.audience.manage,GRANT,GRANT,NONE,MATCH,RBAC-parity oracle: ROLE_PERMISSIONS[code] == DB RolePermission (migration-built + dev verified); runtime via SecurityService.permissionsOf(DB)
OPERATOR,marketing.audience.read,GRANT,GRANT,NONE,MATCH,RBAC-parity oracle: ROLE_PERMISSIONS[code] == DB RolePermission (migration-built + dev verified); runtime via SecurityService.permissionsOf(DB)
OPERATOR,marketing.campaign.create,GRANT,GRANT,NONE,MATCH,RBAC-parity oracle: ROLE_PERMISSIONS[code] == DB RolePermission (migration-built + dev verified); runtime via SecurityService.permissionsOf(DB)
OPERATOR,marketing.campaign.delete,GRANT,GRANT,NONE,MATCH,RBAC-parity oracle: ROLE_PERMISSIONS[code] == DB RolePermission (migration-built + dev verified); runtime via SecurityService.permissionsOf(DB)
OPERATOR,marketing.campaign.read,GRANT,GRANT,NONE,MATCH,RBAC-parity oracle: ROLE_PERMISSIONS[code] == DB RolePermission (migration-built + dev verified); runtime via SecurityService.permissionsOf(DB)
OPERATOR,marketing.campaign.update,GRANT,GRANT,NONE,MATCH,RBAC-parity oracle: ROLE_PERMISSIONS[code] == DB RolePermission (migration-built + dev verified); runtime via SecurityService.permissionsOf(DB)
OPERATOR,marketing.read,GRANT,GRANT,NONE,MATCH,RBAC-parity oracle: ROLE_PERMISSIONS[code] == DB RolePermission (migration-built + dev verified); runtime via SecurityService.permissionsOf(DB)
OPERATOR,moderation.approve,DENY,DENY,NONE,MATCH,RBAC-parity oracle: ROLE_PERMISSIONS[code] == DB RolePermission (migration-built + dev verified); runtime via SecurityService.permissionsOf(DB)
OPERATOR,moderation.reject,DENY,DENY,NONE,MATCH,RBAC-parity oracle: ROLE_PERMISSIONS[code] == DB RolePermission (migration-built + dev verified); runtime via SecurityService.permissionsOf(DB)
OPERATOR,moderation.request_changes,DENY,DENY,NONE,MATCH,RBAC-parity oracle: ROLE_PERMISSIONS[code] == DB RolePermission (migration-built + dev verified); runtime via SecurityService.permissionsOf(DB)
OPERATOR,moderation.review,DENY,DENY,NONE,MATCH,RBAC-parity oracle: ROLE_PERMISSIONS[code] == DB RolePermission (migration-built + dev verified); runtime via SecurityService.permissionsOf(DB)
OPERATOR,operational-notes.create,GRANT,GRANT,NONE,MATCH,RBAC-parity oracle: ROLE_PERMISSIONS[code] == DB RolePermission (migration-built + dev verified); runtime via SecurityService.permissionsOf(DB)
OPERATOR,operational-notes.delete,GRANT,GRANT,NONE,MATCH,RBAC-parity oracle: ROLE_PERMISSIONS[code] == DB RolePermission (migration-built + dev verified); runtime via SecurityService.permissionsOf(DB)
OPERATOR,operational-notes.read,GRANT,GRANT,NONE,MATCH,RBAC-parity oracle: ROLE_PERMISSIONS[code] == DB RolePermission (migration-built + dev verified); runtime via SecurityService.permissionsOf(DB)
OPERATOR,operational-notes.update,GRANT,GRANT,NONE,MATCH,RBAC-parity oracle: ROLE_PERMISSIONS[code] == DB RolePermission (migration-built + dev verified); runtime via SecurityService.permissionsOf(DB)
OPERATOR,order.accept,GRANT,GRANT,NONE,MATCH,RBAC-parity oracle: ROLE_PERMISSIONS[code] == DB RolePermission (migration-built + dev verified); runtime via SecurityService.permissionsOf(DB)
OPERATOR,order.cancel,GRANT,GRANT,NONE,MATCH,RBAC-parity oracle: ROLE_PERMISSIONS[code] == DB RolePermission (migration-built + dev verified); runtime via SecurityService.permissionsOf(DB)
OPERATOR,order.close,GRANT,GRANT,NONE,MATCH,RBAC-parity oracle: ROLE_PERMISSIONS[code] == DB RolePermission (migration-built + dev verified); runtime via SecurityService.permissionsOf(DB)
OPERATOR,order.edit_noncritical,GRANT,GRANT,NONE,MATCH,RBAC-parity oracle: ROLE_PERMISSIONS[code] == DB RolePermission (migration-built + dev verified); runtime via SecurityService.permissionsOf(DB)
OPERATOR,order.read,GRANT,GRANT,NONE,MATCH,RBAC-parity oracle: ROLE_PERMISSIONS[code] == DB RolePermission (migration-built + dev verified); runtime via SecurityService.permissionsOf(DB)
OPERATOR,order.request_booking,GRANT,GRANT,NONE,MATCH,RBAC-parity oracle: ROLE_PERMISSIONS[code] == DB RolePermission (migration-built + dev verified); runtime via SecurityService.permissionsOf(DB)
OPERATOR,order.suspend,GRANT,GRANT,NONE,MATCH,RBAC-parity oracle: ROLE_PERMISSIONS[code] == DB RolePermission (migration-built + dev verified); runtime via SecurityService.permissionsOf(DB)
OPERATOR,partner.onboarding.read_own,DENY,DENY,NONE,MATCH,RBAC-parity oracle: ROLE_PERMISSIONS[code] == DB RolePermission (migration-built + dev verified); runtime via SecurityService.permissionsOf(DB)
OPERATOR,partner.onboarding.review,DENY,DENY,NONE,MATCH,RBAC-parity oracle: ROLE_PERMISSIONS[code] == DB RolePermission (migration-built + dev verified); runtime via SecurityService.permissionsOf(DB)
OPERATOR,partner.onboarding.submit_own,DENY,DENY,NONE,MATCH,RBAC-parity oracle: ROLE_PERMISSIONS[code] == DB RolePermission (migration-built + dev verified); runtime via SecurityService.permissionsOf(DB)
OPERATOR,partner.onboarding.update_own,DENY,DENY,NONE,MATCH,RBAC-parity oracle: ROLE_PERMISSIONS[code] == DB RolePermission (migration-built + dev verified); runtime via SecurityService.permissionsOf(DB)
OPERATOR,reports.read,DENY,DENY,NONE,MATCH,RBAC-parity oracle: ROLE_PERMISSIONS[code] == DB RolePermission (migration-built + dev verified); runtime via SecurityService.permissionsOf(DB)
OPERATOR,reverse.capability.read_own,DENY,DENY,NONE,MATCH,RBAC-parity oracle: ROLE_PERMISSIONS[code] == DB RolePermission (migration-built + dev verified); runtime via SecurityService.permissionsOf(DB)
OPERATOR,reverse.capability.write_own,DENY,DENY,NONE,MATCH,RBAC-parity oracle: ROLE_PERMISSIONS[code] == DB RolePermission (migration-built + dev verified); runtime via SecurityService.permissionsOf(DB)
OPERATOR,reverse.distribution.read_own,DENY,DENY,NONE,MATCH,RBAC-parity oracle: ROLE_PERMISSIONS[code] == DB RolePermission (migration-built + dev verified); runtime via SecurityService.permissionsOf(DB)
OPERATOR,reverse.match.run,DENY,DENY,NONE,MATCH,RBAC-parity oracle: ROLE_PERMISSIONS[code] == DB RolePermission (migration-built + dev verified); runtime via SecurityService.permissionsOf(DB)
OPERATOR,reverse.proposal.read_own,DENY,DENY,NONE,MATCH,RBAC-parity oracle: ROLE_PERMISSIONS[code] == DB RolePermission (migration-built + dev verified); runtime via SecurityService.permissionsOf(DB)
OPERATOR,reverse.proposal.select_own,DENY,DENY,NONE,MATCH,RBAC-parity oracle: ROLE_PERMISSIONS[code] == DB RolePermission (migration-built + dev verified); runtime via SecurityService.permissionsOf(DB)
OPERATOR,reverse.proposal.write_own,DENY,DENY,NONE,MATCH,RBAC-parity oracle: ROLE_PERMISSIONS[code] == DB RolePermission (migration-built + dev verified); runtime via SecurityService.permissionsOf(DB)
OPERATOR,reverse.request.read_own,DENY,DENY,NONE,MATCH,RBAC-parity oracle: ROLE_PERMISSIONS[code] == DB RolePermission (migration-built + dev verified); runtime via SecurityService.permissionsOf(DB)
OPERATOR,reverse.request.write_own,DENY,DENY,NONE,MATCH,RBAC-parity oracle: ROLE_PERMISSIONS[code] == DB RolePermission (migration-built + dev verified); runtime via SecurityService.permissionsOf(DB)
OPERATOR,sales.checkout.read,DENY,DENY,NONE,MATCH,RBAC-parity oracle: ROLE_PERMISSIONS[code] == DB RolePermission (migration-built + dev verified); runtime via SecurityService.permissionsOf(DB)
OPERATOR,sales.checkout.write,DENY,DENY,NONE,MATCH,RBAC-parity oracle: ROLE_PERMISSIONS[code] == DB RolePermission (migration-built + dev verified); runtime via SecurityService.permissionsOf(DB)
OPERATOR,sales.kpi.read,DENY,DENY,NONE,MATCH,RBAC-parity oracle: ROLE_PERMISSIONS[code] == DB RolePermission (migration-built + dev verified); runtime via SecurityService.permissionsOf(DB)
OPERATOR,sales.lead.read,DENY,DENY,NONE,MATCH,RBAC-parity oracle: ROLE_PERMISSIONS[code] == DB RolePermission (migration-built + dev verified); runtime via SecurityService.permissionsOf(DB)
OPERATOR,sales.lead.write,DENY,DENY,NONE,MATCH,RBAC-parity oracle: ROLE_PERMISSIONS[code] == DB RolePermission (migration-built + dev verified); runtime via SecurityService.permissionsOf(DB)
OPERATOR,sales.opportunity.read,DENY,DENY,NONE,MATCH,RBAC-parity oracle: ROLE_PERMISSIONS[code] == DB RolePermission (migration-built + dev verified); runtime via SecurityService.permissionsOf(DB)
OPERATOR,sales.opportunity.write,DENY,DENY,NONE,MATCH,RBAC-parity oracle: ROLE_PERMISSIONS[code] == DB RolePermission (migration-built + dev verified); runtime via SecurityService.permissionsOf(DB)
OPERATOR,sales.quote.approve,DENY,DENY,NONE,MATCH,RBAC-parity oracle: ROLE_PERMISSIONS[code] == DB RolePermission (migration-built + dev verified); runtime via SecurityService.permissionsOf(DB)
OPERATOR,sales.quote.read,DENY,DENY,NONE,MATCH,RBAC-parity oracle: ROLE_PERMISSIONS[code] == DB RolePermission (migration-built + dev verified); runtime via SecurityService.permissionsOf(DB)
OPERATOR,sales.quote.write,DENY,DENY,NONE,MATCH,RBAC-parity oracle: ROLE_PERMISSIONS[code] == DB RolePermission (migration-built + dev verified); runtime via SecurityService.permissionsOf(DB)
OPERATOR,sales.sale.complete,DENY,DENY,NONE,MATCH,RBAC-parity oracle: ROLE_PERMISSIONS[code] == DB RolePermission (migration-built + dev verified); runtime via SecurityService.permissionsOf(DB)
OPERATOR,sales.sale.read,DENY,DENY,NONE,MATCH,RBAC-parity oracle: ROLE_PERMISSIONS[code] == DB RolePermission (migration-built + dev verified); runtime via SecurityService.permissionsOf(DB)
OPERATOR,sales.sale.write,DENY,DENY,NONE,MATCH,RBAC-parity oracle: ROLE_PERMISSIONS[code] == DB RolePermission (migration-built + dev verified); runtime via SecurityService.permissionsOf(DB)
OPERATOR,seller_public_profile.approve_alias,DENY,DENY,NONE,MATCH,RBAC-parity oracle: ROLE_PERMISSIONS[code] == DB RolePermission (migration-built + dev verified); runtime via SecurityService.permissionsOf(DB)
OPERATOR,seller_public_profile.approve_brand,DENY,DENY,NONE,MATCH,RBAC-parity oracle: ROLE_PERMISSIONS[code] == DB RolePermission (migration-built + dev verified); runtime via SecurityService.permissionsOf(DB)
OPERATOR,seller_public_profile.hide_identity,DENY,DENY,NONE,MATCH,RBAC-parity oracle: ROLE_PERMISSIONS[code] == DB RolePermission (migration-built + dev verified); runtime via SecurityService.permissionsOf(DB)
OPERATOR,seller_public_profile.propose,DENY,DENY,NONE,MATCH,RBAC-parity oracle: ROLE_PERMISSIONS[code] == DB RolePermission (migration-built + dev verified); runtime via SecurityService.permissionsOf(DB)
OPERATOR,seller_public_profile.read_own,DENY,DENY,NONE,MATCH,RBAC-parity oracle: ROLE_PERMISSIONS[code] == DB RolePermission (migration-built + dev verified); runtime via SecurityService.permissionsOf(DB)
OPERATOR,seller_public_profile.request_changes,DENY,DENY,NONE,MATCH,RBAC-parity oracle: ROLE_PERMISSIONS[code] == DB RolePermission (migration-built + dev verified); runtime via SecurityService.permissionsOf(DB)
OPERATOR,seller_public_profile.review,DENY,DENY,NONE,MATCH,RBAC-parity oracle: ROLE_PERMISSIONS[code] == DB RolePermission (migration-built + dev verified); runtime via SecurityService.permissionsOf(DB)
OPERATOR,settings.read,DENY,DENY,NONE,MATCH,RBAC-parity oracle: ROLE_PERMISSIONS[code] == DB RolePermission (migration-built + dev verified); runtime via SecurityService.permissionsOf(DB)
OPERATOR,settings.write,DENY,DENY,NONE,MATCH,RBAC-parity oracle: ROLE_PERMISSIONS[code] == DB RolePermission (migration-built + dev verified); runtime via SecurityService.permissionsOf(DB)
OPERATOR,storefront.activate_own,DENY,DENY,NONE,MATCH,RBAC-parity oracle: ROLE_PERMISSIONS[code] == DB RolePermission (migration-built + dev verified); runtime via SecurityService.permissionsOf(DB)
OPERATOR,storefront.create_own,DENY,DENY,NONE,MATCH,RBAC-parity oracle: ROLE_PERMISSIONS[code] == DB RolePermission (migration-built + dev verified); runtime via SecurityService.permissionsOf(DB)
OPERATOR,storefront.entitlement.manage,DENY,DENY,NONE,MATCH,RBAC-parity oracle: ROLE_PERMISSIONS[code] == DB RolePermission (migration-built + dev verified); runtime via SecurityService.permissionsOf(DB)
OPERATOR,storefront.read_own,DENY,DENY,NONE,MATCH,RBAC-parity oracle: ROLE_PERMISSIONS[code] == DB RolePermission (migration-built + dev verified); runtime via SecurityService.permissionsOf(DB)
OPERATOR,storefront.update_own,DENY,DENY,NONE,MATCH,RBAC-parity oracle: ROLE_PERMISSIONS[code] == DB RolePermission (migration-built + dev verified); runtime via SecurityService.permissionsOf(DB)
OPERATOR,support.case.assign,GRANT,GRANT,NONE,MATCH,RBAC-parity oracle: ROLE_PERMISSIONS[code] == DB RolePermission (migration-built + dev verified); runtime via SecurityService.permissionsOf(DB)
OPERATOR,support.case.create,GRANT,GRANT,NONE,MATCH,RBAC-parity oracle: ROLE_PERMISSIONS[code] == DB RolePermission (migration-built + dev verified); runtime via SecurityService.permissionsOf(DB)
OPERATOR,support.case.delete,DENY,DENY,NONE,MATCH,RBAC-parity oracle: ROLE_PERMISSIONS[code] == DB RolePermission (migration-built + dev verified); runtime via SecurityService.permissionsOf(DB)
OPERATOR,support.case.read,GRANT,GRANT,NONE,MATCH,RBAC-parity oracle: ROLE_PERMISSIONS[code] == DB RolePermission (migration-built + dev verified); runtime via SecurityService.permissionsOf(DB)
OPERATOR,support.case.update,GRANT,GRANT,NONE,MATCH,RBAC-parity oracle: ROLE_PERMISSIONS[code] == DB RolePermission (migration-built + dev verified); runtime via SecurityService.permissionsOf(DB)
OPERATOR,support.read,GRANT,GRANT,NONE,MATCH,RBAC-parity oracle: ROLE_PERMISSIONS[code] == DB RolePermission (migration-built + dev verified); runtime via SecurityService.permissionsOf(DB)
OPERATOR,support.write,GRANT,GRANT,NONE,MATCH,RBAC-parity oracle: ROLE_PERMISSIONS[code] == DB RolePermission (migration-built + dev verified); runtime via SecurityService.permissionsOf(DB)
PARTNER,account.booking.read_own,DENY,DENY,NONE,MATCH,RBAC-parity oracle: ROLE_PERMISSIONS[code] == DB RolePermission (migration-built + dev verified); runtime via SecurityService.permissionsOf(DB)
PARTNER,account.document.read_own,DENY,DENY,NONE,MATCH,RBAC-parity oracle: ROLE_PERMISSIONS[code] == DB RolePermission (migration-built + dev verified); runtime via SecurityService.permissionsOf(DB)
PARTNER,account.order.read_own,DENY,DENY,NONE,MATCH,RBAC-parity oracle: ROLE_PERMISSIONS[code] == DB RolePermission (migration-built + dev verified); runtime via SecurityService.permissionsOf(DB)
PARTNER,account.payment.read_own,DENY,DENY,NONE,MATCH,RBAC-parity oracle: ROLE_PERMISSIONS[code] == DB RolePermission (migration-built + dev verified); runtime via SecurityService.permissionsOf(DB)
PARTNER,account.profile.read,GRANT,GRANT,NONE,MATCH,RBAC-parity oracle: ROLE_PERMISSIONS[code] == DB RolePermission (migration-built + dev verified); runtime via SecurityService.permissionsOf(DB)
PARTNER,account.profile.update,GRANT,GRANT,NONE,MATCH,RBAC-parity oracle: ROLE_PERMISSIONS[code] == DB RolePermission (migration-built + dev verified); runtime via SecurityService.permissionsOf(DB)
PARTNER,account.support.read_own,DENY,DENY,NONE,MATCH,RBAC-parity oracle: ROLE_PERMISSIONS[code] == DB RolePermission (migration-built + dev verified); runtime via SecurityService.permissionsOf(DB)
PARTNER,analytics.read,DENY,DENY,NONE,MATCH,RBAC-parity oracle: ROLE_PERMISSIONS[code] == DB RolePermission (migration-built + dev verified); runtime via SecurityService.permissionsOf(DB)
PARTNER,audit.read,DENY,DENY,NONE,MATCH,RBAC-parity oracle: ROLE_PERMISSIONS[code] == DB RolePermission (migration-built + dev verified); runtime via SecurityService.permissionsOf(DB)
PARTNER,booking.cancel,DENY,DENY,NONE,MATCH,RBAC-parity oracle: ROLE_PERMISSIONS[code] == DB RolePermission (migration-built + dev verified); runtime via SecurityService.permissionsOf(DB)
PARTNER,booking.confirm,DENY,DENY,NONE,MATCH,RBAC-parity oracle: ROLE_PERMISSIONS[code] == DB RolePermission (migration-built + dev verified); runtime via SecurityService.permissionsOf(DB)
PARTNER,booking.read,DENY,DENY,NONE,MATCH,RBAC-parity oracle: ROLE_PERMISSIONS[code] == DB RolePermission (migration-built + dev verified); runtime via SecurityService.permissionsOf(DB)
PARTNER,booking.request_change,DENY,DENY,NONE,MATCH,RBAC-parity oracle: ROLE_PERMISSIONS[code] == DB RolePermission (migration-built + dev verified); runtime via SecurityService.permissionsOf(DB)
PARTNER,booking.send_supplier,DENY,DENY,NONE,MATCH,RBAC-parity oracle: ROLE_PERMISSIONS[code] == DB RolePermission (migration-built + dev verified); runtime via SecurityService.permissionsOf(DB)
PARTNER,catalog.availability.write,DENY,DENY,NONE,MATCH,RBAC-parity oracle: ROLE_PERMISSIONS[code] == DB RolePermission (migration-built + dev verified); runtime via SecurityService.permissionsOf(DB)
PARTNER,catalog.category.write,DENY,DENY,NONE,MATCH,RBAC-parity oracle: ROLE_PERMISSIONS[code] == DB RolePermission (migration-built + dev verified); runtime via SecurityService.permissionsOf(DB)
PARTNER,catalog.category_schema.read,DENY,DENY,NONE,MATCH,RBAC-parity oracle: ROLE_PERMISSIONS[code] == DB RolePermission (migration-built + dev verified); runtime via SecurityService.permissionsOf(DB)
PARTNER,catalog.category_schema.read_active_for_product_edit,GRANT,GRANT,NONE,MATCH,RBAC-parity oracle: ROLE_PERMISSIONS[code] == DB RolePermission (migration-built + dev verified); runtime via SecurityService.permissionsOf(DB)
PARTNER,catalog.category_schema.write,DENY,DENY,NONE,MATCH,RBAC-parity oracle: ROLE_PERMISSIONS[code] == DB RolePermission (migration-built + dev verified); runtime via SecurityService.permissionsOf(DB)
PARTNER,catalog.media.delete_own,GRANT,GRANT,NONE,MATCH,RBAC-parity oracle: ROLE_PERMISSIONS[code] == DB RolePermission (migration-built + dev verified); runtime via SecurityService.permissionsOf(DB)
PARTNER,catalog.media.read_for_moderation,DENY,DENY,NONE,MATCH,RBAC-parity oracle: ROLE_PERMISSIONS[code] == DB RolePermission (migration-built + dev verified); runtime via SecurityService.permissionsOf(DB)
PARTNER,catalog.media.reorder_own,GRANT,GRANT,NONE,MATCH,RBAC-parity oracle: ROLE_PERMISSIONS[code] == DB RolePermission (migration-built + dev verified); runtime via SecurityService.permissionsOf(DB)
PARTNER,catalog.media.set_primary_own,GRANT,GRANT,NONE,MATCH,RBAC-parity oracle: ROLE_PERMISSIONS[code] == DB RolePermission (migration-built + dev verified); runtime via SecurityService.permissionsOf(DB)
PARTNER,catalog.media.update_own,GRANT,GRANT,NONE,MATCH,RBAC-parity oracle: ROLE_PERMISSIONS[code] == DB RolePermission (migration-built + dev verified); runtime via SecurityService.permissionsOf(DB)
PARTNER,catalog.media.upload_own,GRANT,GRANT,NONE,MATCH,RBAC-parity oracle: ROLE_PERMISSIONS[code] == DB RolePermission (migration-built + dev verified); runtime via SecurityService.permissionsOf(DB)
PARTNER,catalog.product.channels_own,GRANT,GRANT,NONE,MATCH,RBAC-parity oracle: ROLE_PERMISSIONS[code] == DB RolePermission (migration-built + dev verified); runtime via SecurityService.permissionsOf(DB)
PARTNER,catalog.product.create_own,GRANT,GRANT,NONE,MATCH,RBAC-parity oracle: ROLE_PERMISSIONS[code] == DB RolePermission (migration-built + dev verified); runtime via SecurityService.permissionsOf(DB)
PARTNER,catalog.product.publish,DENY,DENY,NONE,MATCH,RBAC-parity oracle: ROLE_PERMISSIONS[code] == DB RolePermission (migration-built + dev verified); runtime via SecurityService.permissionsOf(DB)
PARTNER,catalog.product.read,DENY,DENY,NONE,MATCH,RBAC-parity oracle: ROLE_PERMISSIONS[code] == DB RolePermission (migration-built + dev verified); runtime via SecurityService.permissionsOf(DB)
PARTNER,catalog.product.read_for_moderation,DENY,DENY,NONE,MATCH,RBAC-parity oracle: ROLE_PERMISSIONS[code] == DB RolePermission (migration-built + dev verified); runtime via SecurityService.permissionsOf(DB)
PARTNER,catalog.product.read_own,GRANT,GRANT,NONE,MATCH,RBAC-parity oracle: ROLE_PERMISSIONS[code] == DB RolePermission (migration-built + dev verified); runtime via SecurityService.permissionsOf(DB)
PARTNER,catalog.product.submit_moderation,GRANT,GRANT,NONE,MATCH,RBAC-parity oracle: ROLE_PERMISSIONS[code] == DB RolePermission (migration-built + dev verified); runtime via SecurityService.permissionsOf(DB)
PARTNER,catalog.product.update_own_draft,GRANT,GRANT,NONE,MATCH,RBAC-parity oracle: ROLE_PERMISSIONS[code] == DB RolePermission (migration-built + dev verified); runtime via SecurityService.permissionsOf(DB)
PARTNER,catalog.product.write,DENY,DENY,NONE,MATCH,RBAC-parity oracle: ROLE_PERMISSIONS[code] == DB RolePermission (migration-built + dev verified); runtime via SecurityService.permissionsOf(DB)
PARTNER,catalog.rate_plan.publish,DENY,DENY,NONE,MATCH,RBAC-parity oracle: ROLE_PERMISSIONS[code] == DB RolePermission (migration-built + dev verified); runtime via SecurityService.permissionsOf(DB)
PARTNER,catalog.service_unit.publish,DENY,DENY,NONE,MATCH,RBAC-parity oracle: ROLE_PERMISSIONS[code] == DB RolePermission (migration-built + dev verified); runtime via SecurityService.permissionsOf(DB)
PARTNER,communication.create,DENY,DENY,NONE,MATCH,RBAC-parity oracle: ROLE_PERMISSIONS[code] == DB RolePermission (migration-built + dev verified); runtime via SecurityService.permissionsOf(DB)
PARTNER,communication.read,DENY,DENY,NONE,MATCH,RBAC-parity oracle: ROLE_PERMISSIONS[code] == DB RolePermission (migration-built + dev verified); runtime via SecurityService.permissionsOf(DB)
PARTNER,communication.read_own,GRANT,GRANT,NONE,MATCH,RBAC-parity oracle: ROLE_PERMISSIONS[code] == DB RolePermission (migration-built + dev verified); runtime via SecurityService.permissionsOf(DB)
PARTNER,communication.write_own,GRANT,GRANT,NONE,MATCH,RBAC-parity oracle: ROLE_PERMISSIONS[code] == DB RolePermission (migration-built + dev verified); runtime via SecurityService.permissionsOf(DB)
PARTNER,crm.activity.read,DENY,DENY,NONE,MATCH,RBAC-parity oracle: ROLE_PERMISSIONS[code] == DB RolePermission (migration-built + dev verified); runtime via SecurityService.permissionsOf(DB)
PARTNER,crm.company.write,DENY,DENY,NONE,MATCH,RBAC-parity oracle: ROLE_PERMISSIONS[code] == DB RolePermission (migration-built + dev verified); runtime via SecurityService.permissionsOf(DB)
PARTNER,crm.contact.write,DENY,DENY,NONE,MATCH,RBAC-parity oracle: ROLE_PERMISSIONS[code] == DB RolePermission (migration-built + dev verified); runtime via SecurityService.permissionsOf(DB)
PARTNER,crm.customer.create_own,GRANT,GRANT,NONE,MATCH,RBAC-parity oracle: ROLE_PERMISSIONS[code] == DB RolePermission (migration-built + dev verified); runtime via SecurityService.permissionsOf(DB)
PARTNER,crm.customer.read,DENY,DENY,NONE,MATCH,RBAC-parity oracle: ROLE_PERMISSIONS[code] == DB RolePermission (migration-built + dev verified); runtime via SecurityService.permissionsOf(DB)
PARTNER,crm.customer.read_own,GRANT,GRANT,NONE,MATCH,RBAC-parity oracle: ROLE_PERMISSIONS[code] == DB RolePermission (migration-built + dev verified); runtime via SecurityService.permissionsOf(DB)
PARTNER,crm.customer.update_own,GRANT,GRANT,NONE,MATCH,RBAC-parity oracle: ROLE_PERMISSIONS[code] == DB RolePermission (migration-built + dev verified); runtime via SecurityService.permissionsOf(DB)
PARTNER,crm.customer.write,DENY,DENY,NONE,MATCH,RBAC-parity oracle: ROLE_PERMISSIONS[code] == DB RolePermission (migration-built + dev verified); runtime via SecurityService.permissionsOf(DB)
PARTNER,crm.partner.read,DENY,DENY,NONE,MATCH,RBAC-parity oracle: ROLE_PERMISSIONS[code] == DB RolePermission (migration-built + dev verified); runtime via SecurityService.permissionsOf(DB)
PARTNER,crm.partner.write,DENY,DENY,NONE,MATCH,RBAC-parity oracle: ROLE_PERMISSIONS[code] == DB RolePermission (migration-built + dev verified); runtime via SecurityService.permissionsOf(DB)
PARTNER,crm.supplier.write,DENY,DENY,NONE,MATCH,RBAC-parity oracle: ROLE_PERMISSIONS[code] == DB RolePermission (migration-built + dev verified); runtime via SecurityService.permissionsOf(DB)
PARTNER,dashboard.attention.read,DENY,DENY,NONE,MATCH,RBAC-parity oracle: ROLE_PERMISSIONS[code] == DB RolePermission (migration-built + dev verified); runtime via SecurityService.permissionsOf(DB)
PARTNER,dashboard.catalog.read,DENY,DENY,NONE,MATCH,RBAC-parity oracle: ROLE_PERMISSIONS[code] == DB RolePermission (migration-built + dev verified); runtime via SecurityService.permissionsOf(DB)
PARTNER,dashboard.channels.read,DENY,DENY,NONE,MATCH,RBAC-parity oracle: ROLE_PERMISSIONS[code] == DB RolePermission (migration-built + dev verified); runtime via SecurityService.permissionsOf(DB)
PARTNER,dashboard.customize,DENY,DENY,NONE,MATCH,RBAC-parity oracle: ROLE_PERMISSIONS[code] == DB RolePermission (migration-built + dev verified); runtime via SecurityService.permissionsOf(DB)
PARTNER,dashboard.executive.read,DENY,DENY,NONE,MATCH,RBAC-parity oracle: ROLE_PERMISSIONS[code] == DB RolePermission (migration-built + dev verified); runtime via SecurityService.permissionsOf(DB)
PARTNER,dashboard.financial.read,DENY,DENY,NONE,MATCH,RBAC-parity oracle: ROLE_PERMISSIONS[code] == DB RolePermission (migration-built + dev verified); runtime via SecurityService.permissionsOf(DB)
PARTNER,dashboard.insights.read,DENY,DENY,NONE,MATCH,RBAC-parity oracle: ROLE_PERMISSIONS[code] == DB RolePermission (migration-built + dev verified); runtime via SecurityService.permissionsOf(DB)
PARTNER,dashboard.marketplace.read,DENY,DENY,NONE,MATCH,RBAC-parity oracle: ROLE_PERMISSIONS[code] == DB RolePermission (migration-built + dev verified); runtime via SecurityService.permissionsOf(DB)
PARTNER,dashboard.operational.read,DENY,DENY,NONE,MATCH,RBAC-parity oracle: ROLE_PERMISSIONS[code] == DB RolePermission (migration-built + dev verified); runtime via SecurityService.permissionsOf(DB)
PARTNER,documents.read,DENY,DENY,NONE,MATCH,RBAC-parity oracle: ROLE_PERMISSIONS[code] == DB RolePermission (migration-built + dev verified); runtime via SecurityService.permissionsOf(DB)
PARTNER,documents.write,DENY,DENY,NONE,MATCH,RBAC-parity oracle: ROLE_PERMISSIONS[code] == DB RolePermission (migration-built + dev verified); runtime via SecurityService.permissionsOf(DB)
PARTNER,finance.commission.manage,DENY,DENY,NONE,MATCH,RBAC-parity oracle: ROLE_PERMISSIONS[code] == DB RolePermission (migration-built + dev verified); runtime via SecurityService.permissionsOf(DB)
PARTNER,finance.commission.read,DENY,DENY,NONE,MATCH,RBAC-parity oracle: ROLE_PERMISSIONS[code] == DB RolePermission (migration-built + dev verified); runtime via SecurityService.permissionsOf(DB)
PARTNER,finance.commission.write,DENY,DENY,NONE,MATCH,RBAC-parity oracle: ROLE_PERMISSIONS[code] == DB RolePermission (migration-built + dev verified); runtime via SecurityService.permissionsOf(DB)
PARTNER,finance.currency.manage,DENY,DENY,NONE,MATCH,RBAC-parity oracle: ROLE_PERMISSIONS[code] == DB RolePermission (migration-built + dev verified); runtime via SecurityService.permissionsOf(DB)
PARTNER,finance.dispute.read,DENY,DENY,NONE,MATCH,RBAC-parity oracle: ROLE_PERMISSIONS[code] == DB RolePermission (migration-built + dev verified); runtime via SecurityService.permissionsOf(DB)
PARTNER,finance.dispute.write,DENY,DENY,NONE,MATCH,RBAC-parity oracle: ROLE_PERMISSIONS[code] == DB RolePermission (migration-built + dev verified); runtime via SecurityService.permissionsOf(DB)
PARTNER,finance.exchange_rate.manage,DENY,DENY,NONE,MATCH,RBAC-parity oracle: ROLE_PERMISSIONS[code] == DB RolePermission (migration-built + dev verified); runtime via SecurityService.permissionsOf(DB)
PARTNER,finance.invoice.read,DENY,DENY,NONE,MATCH,RBAC-parity oracle: ROLE_PERMISSIONS[code] == DB RolePermission (migration-built + dev verified); runtime via SecurityService.permissionsOf(DB)
PARTNER,finance.invoice.write,DENY,DENY,NONE,MATCH,RBAC-parity oracle: ROLE_PERMISSIONS[code] == DB RolePermission (migration-built + dev verified); runtime via SecurityService.permissionsOf(DB)
PARTNER,finance.ledger.read,DENY,DENY,NONE,MATCH,RBAC-parity oracle: ROLE_PERMISSIONS[code] == DB RolePermission (migration-built + dev verified); runtime via SecurityService.permissionsOf(DB)
PARTNER,finance.payment.create,DENY,DENY,NONE,MATCH,RBAC-parity oracle: ROLE_PERMISSIONS[code] == DB RolePermission (migration-built + dev verified); runtime via SecurityService.permissionsOf(DB)
PARTNER,finance.payment.manage,DENY,DENY,NONE,MATCH,RBAC-parity oracle: ROLE_PERMISSIONS[code] == DB RolePermission (migration-built + dev verified); runtime via SecurityService.permissionsOf(DB)
PARTNER,finance.payment.read,DENY,DENY,NONE,MATCH,RBAC-parity oracle: ROLE_PERMISSIONS[code] == DB RolePermission (migration-built + dev verified); runtime via SecurityService.permissionsOf(DB)
PARTNER,finance.payment.write,DENY,DENY,NONE,MATCH,RBAC-parity oracle: ROLE_PERMISSIONS[code] == DB RolePermission (migration-built + dev verified); runtime via SecurityService.permissionsOf(DB)
PARTNER,finance.payout.read,DENY,DENY,NONE,MATCH,RBAC-parity oracle: ROLE_PERMISSIONS[code] == DB RolePermission (migration-built + dev verified); runtime via SecurityService.permissionsOf(DB)
PARTNER,finance.provider_fee.read,DENY,DENY,NONE,MATCH,RBAC-parity oracle: ROLE_PERMISSIONS[code] == DB RolePermission (migration-built + dev verified); runtime via SecurityService.permissionsOf(DB)
PARTNER,finance.refund.approve,DENY,DENY,NONE,MATCH,RBAC-parity oracle: ROLE_PERMISSIONS[code] == DB RolePermission (migration-built + dev verified); runtime via SecurityService.permissionsOf(DB)
PARTNER,finance.refund.execute,DENY,DENY,NONE,MATCH,RBAC-parity oracle: ROLE_PERMISSIONS[code] == DB RolePermission (migration-built + dev verified); runtime via SecurityService.permissionsOf(DB)
PARTNER,finance.refund.read,DENY,DENY,NONE,MATCH,RBAC-parity oracle: ROLE_PERMISSIONS[code] == DB RolePermission (migration-built + dev verified); runtime via SecurityService.permissionsOf(DB)
PARTNER,finance.refund.write,DENY,DENY,NONE,MATCH,RBAC-parity oracle: ROLE_PERMISSIONS[code] == DB RolePermission (migration-built + dev verified); runtime via SecurityService.permissionsOf(DB)
PARTNER,finance.settlement.read,DENY,DENY,NONE,MATCH,RBAC-parity oracle: ROLE_PERMISSIONS[code] == DB RolePermission (migration-built + dev verified); runtime via SecurityService.permissionsOf(DB)
PARTNER,finance.tax.manage,DENY,DENY,NONE,MATCH,RBAC-parity oracle: ROLE_PERMISSIONS[code] == DB RolePermission (migration-built + dev verified); runtime via SecurityService.permissionsOf(DB)
PARTNER,marketing.attribution.manage,DENY,DENY,NONE,MATCH,RBAC-parity oracle: ROLE_PERMISSIONS[code] == DB RolePermission (migration-built + dev verified); runtime via SecurityService.permissionsOf(DB)
PARTNER,marketing.attribution.read,DENY,DENY,NONE,MATCH,RBAC-parity oracle: ROLE_PERMISSIONS[code] == DB RolePermission (migration-built + dev verified); runtime via SecurityService.permissionsOf(DB)
PARTNER,marketing.audience.manage,DENY,DENY,NONE,MATCH,RBAC-parity oracle: ROLE_PERMISSIONS[code] == DB RolePermission (migration-built + dev verified); runtime via SecurityService.permissionsOf(DB)
PARTNER,marketing.audience.read,DENY,DENY,NONE,MATCH,RBAC-parity oracle: ROLE_PERMISSIONS[code] == DB RolePermission (migration-built + dev verified); runtime via SecurityService.permissionsOf(DB)
PARTNER,marketing.campaign.create,DENY,DENY,NONE,MATCH,RBAC-parity oracle: ROLE_PERMISSIONS[code] == DB RolePermission (migration-built + dev verified); runtime via SecurityService.permissionsOf(DB)
PARTNER,marketing.campaign.delete,DENY,DENY,NONE,MATCH,RBAC-parity oracle: ROLE_PERMISSIONS[code] == DB RolePermission (migration-built + dev verified); runtime via SecurityService.permissionsOf(DB)
PARTNER,marketing.campaign.read,DENY,DENY,NONE,MATCH,RBAC-parity oracle: ROLE_PERMISSIONS[code] == DB RolePermission (migration-built + dev verified); runtime via SecurityService.permissionsOf(DB)
PARTNER,marketing.campaign.update,DENY,DENY,NONE,MATCH,RBAC-parity oracle: ROLE_PERMISSIONS[code] == DB RolePermission (migration-built + dev verified); runtime via SecurityService.permissionsOf(DB)
PARTNER,marketing.read,DENY,DENY,NONE,MATCH,RBAC-parity oracle: ROLE_PERMISSIONS[code] == DB RolePermission (migration-built + dev verified); runtime via SecurityService.permissionsOf(DB)
PARTNER,moderation.approve,DENY,DENY,NONE,MATCH,RBAC-parity oracle: ROLE_PERMISSIONS[code] == DB RolePermission (migration-built + dev verified); runtime via SecurityService.permissionsOf(DB)
PARTNER,moderation.reject,DENY,DENY,NONE,MATCH,RBAC-parity oracle: ROLE_PERMISSIONS[code] == DB RolePermission (migration-built + dev verified); runtime via SecurityService.permissionsOf(DB)
PARTNER,moderation.request_changes,DENY,DENY,NONE,MATCH,RBAC-parity oracle: ROLE_PERMISSIONS[code] == DB RolePermission (migration-built + dev verified); runtime via SecurityService.permissionsOf(DB)
PARTNER,moderation.review,DENY,DENY,NONE,MATCH,RBAC-parity oracle: ROLE_PERMISSIONS[code] == DB RolePermission (migration-built + dev verified); runtime via SecurityService.permissionsOf(DB)
PARTNER,operational-notes.create,DENY,DENY,NONE,MATCH,RBAC-parity oracle: ROLE_PERMISSIONS[code] == DB RolePermission (migration-built + dev verified); runtime via SecurityService.permissionsOf(DB)
PARTNER,operational-notes.delete,DENY,DENY,NONE,MATCH,RBAC-parity oracle: ROLE_PERMISSIONS[code] == DB RolePermission (migration-built + dev verified); runtime via SecurityService.permissionsOf(DB)
PARTNER,operational-notes.read,DENY,DENY,NONE,MATCH,RBAC-parity oracle: ROLE_PERMISSIONS[code] == DB RolePermission (migration-built + dev verified); runtime via SecurityService.permissionsOf(DB)
PARTNER,operational-notes.update,DENY,DENY,NONE,MATCH,RBAC-parity oracle: ROLE_PERMISSIONS[code] == DB RolePermission (migration-built + dev verified); runtime via SecurityService.permissionsOf(DB)
PARTNER,order.accept,DENY,DENY,NONE,MATCH,RBAC-parity oracle: ROLE_PERMISSIONS[code] == DB RolePermission (migration-built + dev verified); runtime via SecurityService.permissionsOf(DB)
PARTNER,order.cancel,DENY,DENY,NONE,MATCH,RBAC-parity oracle: ROLE_PERMISSIONS[code] == DB RolePermission (migration-built + dev verified); runtime via SecurityService.permissionsOf(DB)
PARTNER,order.close,DENY,DENY,NONE,MATCH,RBAC-parity oracle: ROLE_PERMISSIONS[code] == DB RolePermission (migration-built + dev verified); runtime via SecurityService.permissionsOf(DB)
PARTNER,order.edit_noncritical,DENY,DENY,NONE,MATCH,RBAC-parity oracle: ROLE_PERMISSIONS[code] == DB RolePermission (migration-built + dev verified); runtime via SecurityService.permissionsOf(DB)
PARTNER,order.read,DENY,DENY,NONE,MATCH,RBAC-parity oracle: ROLE_PERMISSIONS[code] == DB RolePermission (migration-built + dev verified); runtime via SecurityService.permissionsOf(DB)
PARTNER,order.request_booking,DENY,DENY,NONE,MATCH,RBAC-parity oracle: ROLE_PERMISSIONS[code] == DB RolePermission (migration-built + dev verified); runtime via SecurityService.permissionsOf(DB)
PARTNER,order.suspend,DENY,DENY,NONE,MATCH,RBAC-parity oracle: ROLE_PERMISSIONS[code] == DB RolePermission (migration-built + dev verified); runtime via SecurityService.permissionsOf(DB)
PARTNER,partner.onboarding.read_own,GRANT,GRANT,NONE,MATCH,RBAC-parity oracle: ROLE_PERMISSIONS[code] == DB RolePermission (migration-built + dev verified); runtime via SecurityService.permissionsOf(DB)
PARTNER,partner.onboarding.review,DENY,DENY,NONE,MATCH,RBAC-parity oracle: ROLE_PERMISSIONS[code] == DB RolePermission (migration-built + dev verified); runtime via SecurityService.permissionsOf(DB)
PARTNER,partner.onboarding.submit_own,GRANT,GRANT,NONE,MATCH,RBAC-parity oracle: ROLE_PERMISSIONS[code] == DB RolePermission (migration-built + dev verified); runtime via SecurityService.permissionsOf(DB)
PARTNER,partner.onboarding.update_own,GRANT,GRANT,NONE,MATCH,RBAC-parity oracle: ROLE_PERMISSIONS[code] == DB RolePermission (migration-built + dev verified); runtime via SecurityService.permissionsOf(DB)
PARTNER,reports.read,DENY,DENY,NONE,MATCH,RBAC-parity oracle: ROLE_PERMISSIONS[code] == DB RolePermission (migration-built + dev verified); runtime via SecurityService.permissionsOf(DB)
PARTNER,reverse.capability.read_own,GRANT,GRANT,NONE,MATCH,RBAC-parity oracle: ROLE_PERMISSIONS[code] == DB RolePermission (migration-built + dev verified); runtime via SecurityService.permissionsOf(DB)
PARTNER,reverse.capability.write_own,GRANT,GRANT,NONE,MATCH,RBAC-parity oracle: ROLE_PERMISSIONS[code] == DB RolePermission (migration-built + dev verified); runtime via SecurityService.permissionsOf(DB)
PARTNER,reverse.distribution.read_own,GRANT,GRANT,NONE,MATCH,RBAC-parity oracle: ROLE_PERMISSIONS[code] == DB RolePermission (migration-built + dev verified); runtime via SecurityService.permissionsOf(DB)
PARTNER,reverse.match.run,DENY,DENY,NONE,MATCH,RBAC-parity oracle: ROLE_PERMISSIONS[code] == DB RolePermission (migration-built + dev verified); runtime via SecurityService.permissionsOf(DB)
PARTNER,reverse.proposal.read_own,GRANT,GRANT,NONE,MATCH,RBAC-parity oracle: ROLE_PERMISSIONS[code] == DB RolePermission (migration-built + dev verified); runtime via SecurityService.permissionsOf(DB)
PARTNER,reverse.proposal.select_own,DENY,DENY,NONE,MATCH,RBAC-parity oracle: ROLE_PERMISSIONS[code] == DB RolePermission (migration-built + dev verified); runtime via SecurityService.permissionsOf(DB)
PARTNER,reverse.proposal.write_own,GRANT,GRANT,NONE,MATCH,RBAC-parity oracle: ROLE_PERMISSIONS[code] == DB RolePermission (migration-built + dev verified); runtime via SecurityService.permissionsOf(DB)
PARTNER,reverse.request.read_own,DENY,DENY,NONE,MATCH,RBAC-parity oracle: ROLE_PERMISSIONS[code] == DB RolePermission (migration-built + dev verified); runtime via SecurityService.permissionsOf(DB)
PARTNER,reverse.request.write_own,DENY,DENY,NONE,MATCH,RBAC-parity oracle: ROLE_PERMISSIONS[code] == DB RolePermission (migration-built + dev verified); runtime via SecurityService.permissionsOf(DB)
PARTNER,sales.checkout.read,DENY,DENY,NONE,MATCH,RBAC-parity oracle: ROLE_PERMISSIONS[code] == DB RolePermission (migration-built + dev verified); runtime via SecurityService.permissionsOf(DB)
PARTNER,sales.checkout.write,DENY,DENY,NONE,MATCH,RBAC-parity oracle: ROLE_PERMISSIONS[code] == DB RolePermission (migration-built + dev verified); runtime via SecurityService.permissionsOf(DB)
PARTNER,sales.kpi.read,DENY,DENY,NONE,MATCH,RBAC-parity oracle: ROLE_PERMISSIONS[code] == DB RolePermission (migration-built + dev verified); runtime via SecurityService.permissionsOf(DB)
PARTNER,sales.lead.read,DENY,DENY,NONE,MATCH,RBAC-parity oracle: ROLE_PERMISSIONS[code] == DB RolePermission (migration-built + dev verified); runtime via SecurityService.permissionsOf(DB)
PARTNER,sales.lead.write,DENY,DENY,NONE,MATCH,RBAC-parity oracle: ROLE_PERMISSIONS[code] == DB RolePermission (migration-built + dev verified); runtime via SecurityService.permissionsOf(DB)
PARTNER,sales.opportunity.read,DENY,DENY,NONE,MATCH,RBAC-parity oracle: ROLE_PERMISSIONS[code] == DB RolePermission (migration-built + dev verified); runtime via SecurityService.permissionsOf(DB)
PARTNER,sales.opportunity.write,DENY,DENY,NONE,MATCH,RBAC-parity oracle: ROLE_PERMISSIONS[code] == DB RolePermission (migration-built + dev verified); runtime via SecurityService.permissionsOf(DB)
PARTNER,sales.quote.approve,DENY,DENY,NONE,MATCH,RBAC-parity oracle: ROLE_PERMISSIONS[code] == DB RolePermission (migration-built + dev verified); runtime via SecurityService.permissionsOf(DB)
PARTNER,sales.quote.read,DENY,DENY,NONE,MATCH,RBAC-parity oracle: ROLE_PERMISSIONS[code] == DB RolePermission (migration-built + dev verified); runtime via SecurityService.permissionsOf(DB)
PARTNER,sales.quote.write,DENY,DENY,NONE,MATCH,RBAC-parity oracle: ROLE_PERMISSIONS[code] == DB RolePermission (migration-built + dev verified); runtime via SecurityService.permissionsOf(DB)
PARTNER,sales.sale.complete,DENY,DENY,NONE,MATCH,RBAC-parity oracle: ROLE_PERMISSIONS[code] == DB RolePermission (migration-built + dev verified); runtime via SecurityService.permissionsOf(DB)
PARTNER,sales.sale.read,DENY,DENY,NONE,MATCH,RBAC-parity oracle: ROLE_PERMISSIONS[code] == DB RolePermission (migration-built + dev verified); runtime via SecurityService.permissionsOf(DB)
PARTNER,sales.sale.write,DENY,DENY,NONE,MATCH,RBAC-parity oracle: ROLE_PERMISSIONS[code] == DB RolePermission (migration-built + dev verified); runtime via SecurityService.permissionsOf(DB)
PARTNER,seller_public_profile.approve_alias,DENY,DENY,NONE,MATCH,RBAC-parity oracle: ROLE_PERMISSIONS[code] == DB RolePermission (migration-built + dev verified); runtime via SecurityService.permissionsOf(DB)
PARTNER,seller_public_profile.approve_brand,DENY,DENY,NONE,MATCH,RBAC-parity oracle: ROLE_PERMISSIONS[code] == DB RolePermission (migration-built + dev verified); runtime via SecurityService.permissionsOf(DB)
PARTNER,seller_public_profile.hide_identity,DENY,DENY,NONE,MATCH,RBAC-parity oracle: ROLE_PERMISSIONS[code] == DB RolePermission (migration-built + dev verified); runtime via SecurityService.permissionsOf(DB)
PARTNER,seller_public_profile.propose,GRANT,GRANT,NONE,MATCH,RBAC-parity oracle: ROLE_PERMISSIONS[code] == DB RolePermission (migration-built + dev verified); runtime via SecurityService.permissionsOf(DB)
PARTNER,seller_public_profile.read_own,GRANT,GRANT,NONE,MATCH,RBAC-parity oracle: ROLE_PERMISSIONS[code] == DB RolePermission (migration-built + dev verified); runtime via SecurityService.permissionsOf(DB)
PARTNER,seller_public_profile.request_changes,DENY,DENY,NONE,MATCH,RBAC-parity oracle: ROLE_PERMISSIONS[code] == DB RolePermission (migration-built + dev verified); runtime via SecurityService.permissionsOf(DB)
PARTNER,seller_public_profile.review,DENY,DENY,NONE,MATCH,RBAC-parity oracle: ROLE_PERMISSIONS[code] == DB RolePermission (migration-built + dev verified); runtime via SecurityService.permissionsOf(DB)
PARTNER,settings.read,DENY,DENY,NONE,MATCH,RBAC-parity oracle: ROLE_PERMISSIONS[code] == DB RolePermission (migration-built + dev verified); runtime via SecurityService.permissionsOf(DB)
PARTNER,settings.write,DENY,DENY,NONE,MATCH,RBAC-parity oracle: ROLE_PERMISSIONS[code] == DB RolePermission (migration-built + dev verified); runtime via SecurityService.permissionsOf(DB)
PARTNER,storefront.activate_own,GRANT,GRANT,NONE,MATCH,RBAC-parity oracle: ROLE_PERMISSIONS[code] == DB RolePermission (migration-built + dev verified); runtime via SecurityService.permissionsOf(DB)
PARTNER,storefront.create_own,GRANT,GRANT,NONE,MATCH,RBAC-parity oracle: ROLE_PERMISSIONS[code] == DB RolePermission (migration-built + dev verified); runtime via SecurityService.permissionsOf(DB)
PARTNER,storefront.entitlement.manage,DENY,DENY,NONE,MATCH,RBAC-parity oracle: ROLE_PERMISSIONS[code] == DB RolePermission (migration-built + dev verified); runtime via SecurityService.permissionsOf(DB)
PARTNER,storefront.read_own,GRANT,GRANT,NONE,MATCH,RBAC-parity oracle: ROLE_PERMISSIONS[code] == DB RolePermission (migration-built + dev verified); runtime via SecurityService.permissionsOf(DB)
PARTNER,storefront.update_own,GRANT,GRANT,NONE,MATCH,RBAC-parity oracle: ROLE_PERMISSIONS[code] == DB RolePermission (migration-built + dev verified); runtime via SecurityService.permissionsOf(DB)
PARTNER,support.case.assign,DENY,DENY,NONE,MATCH,RBAC-parity oracle: ROLE_PERMISSIONS[code] == DB RolePermission (migration-built + dev verified); runtime via SecurityService.permissionsOf(DB)
PARTNER,support.case.create,DENY,DENY,NONE,MATCH,RBAC-parity oracle: ROLE_PERMISSIONS[code] == DB RolePermission (migration-built + dev verified); runtime via SecurityService.permissionsOf(DB)
PARTNER,support.case.delete,DENY,DENY,NONE,MATCH,RBAC-parity oracle: ROLE_PERMISSIONS[code] == DB RolePermission (migration-built + dev verified); runtime via SecurityService.permissionsOf(DB)
PARTNER,support.case.read,DENY,DENY,NONE,MATCH,RBAC-parity oracle: ROLE_PERMISSIONS[code] == DB RolePermission (migration-built + dev verified); runtime via SecurityService.permissionsOf(DB)
PARTNER,support.case.update,DENY,DENY,NONE,MATCH,RBAC-parity oracle: ROLE_PERMISSIONS[code] == DB RolePermission (migration-built + dev verified); runtime via SecurityService.permissionsOf(DB)
PARTNER,support.read,DENY,DENY,NONE,MATCH,RBAC-parity oracle: ROLE_PERMISSIONS[code] == DB RolePermission (migration-built + dev verified); runtime via SecurityService.permissionsOf(DB)
PARTNER,support.write,DENY,DENY,NONE,MATCH,RBAC-parity oracle: ROLE_PERMISSIONS[code] == DB RolePermission (migration-built + dev verified); runtime via SecurityService.permissionsOf(DB)
BUYER,account.booking.read_own,GRANT,GRANT,NONE,MATCH,RBAC-parity oracle: ROLE_PERMISSIONS[code] == DB RolePermission (migration-built + dev verified); runtime via SecurityService.permissionsOf(DB)
BUYER,account.document.read_own,GRANT,GRANT,NONE,MATCH,RBAC-parity oracle: ROLE_PERMISSIONS[code] == DB RolePermission (migration-built + dev verified); runtime via SecurityService.permissionsOf(DB)
BUYER,account.order.read_own,GRANT,GRANT,NONE,MATCH,RBAC-parity oracle: ROLE_PERMISSIONS[code] == DB RolePermission (migration-built + dev verified); runtime via SecurityService.permissionsOf(DB)
BUYER,account.payment.read_own,GRANT,GRANT,NONE,MATCH,RBAC-parity oracle: ROLE_PERMISSIONS[code] == DB RolePermission (migration-built + dev verified); runtime via SecurityService.permissionsOf(DB)
BUYER,account.profile.read,GRANT,GRANT,NONE,MATCH,RBAC-parity oracle: ROLE_PERMISSIONS[code] == DB RolePermission (migration-built + dev verified); runtime via SecurityService.permissionsOf(DB)
BUYER,account.profile.update,GRANT,GRANT,NONE,MATCH,RBAC-parity oracle: ROLE_PERMISSIONS[code] == DB RolePermission (migration-built + dev verified); runtime via SecurityService.permissionsOf(DB)
BUYER,account.support.read_own,GRANT,GRANT,NONE,MATCH,RBAC-parity oracle: ROLE_PERMISSIONS[code] == DB RolePermission (migration-built + dev verified); runtime via SecurityService.permissionsOf(DB)
BUYER,analytics.read,DENY,DENY,NONE,MATCH,RBAC-parity oracle: ROLE_PERMISSIONS[code] == DB RolePermission (migration-built + dev verified); runtime via SecurityService.permissionsOf(DB)
BUYER,audit.read,DENY,DENY,NONE,MATCH,RBAC-parity oracle: ROLE_PERMISSIONS[code] == DB RolePermission (migration-built + dev verified); runtime via SecurityService.permissionsOf(DB)
BUYER,booking.cancel,DENY,DENY,NONE,MATCH,RBAC-parity oracle: ROLE_PERMISSIONS[code] == DB RolePermission (migration-built + dev verified); runtime via SecurityService.permissionsOf(DB)
BUYER,booking.confirm,DENY,DENY,NONE,MATCH,RBAC-parity oracle: ROLE_PERMISSIONS[code] == DB RolePermission (migration-built + dev verified); runtime via SecurityService.permissionsOf(DB)
BUYER,booking.read,DENY,DENY,NONE,MATCH,RBAC-parity oracle: ROLE_PERMISSIONS[code] == DB RolePermission (migration-built + dev verified); runtime via SecurityService.permissionsOf(DB)
BUYER,booking.request_change,DENY,DENY,NONE,MATCH,RBAC-parity oracle: ROLE_PERMISSIONS[code] == DB RolePermission (migration-built + dev verified); runtime via SecurityService.permissionsOf(DB)
BUYER,booking.send_supplier,DENY,DENY,NONE,MATCH,RBAC-parity oracle: ROLE_PERMISSIONS[code] == DB RolePermission (migration-built + dev verified); runtime via SecurityService.permissionsOf(DB)
BUYER,catalog.availability.write,DENY,DENY,NONE,MATCH,RBAC-parity oracle: ROLE_PERMISSIONS[code] == DB RolePermission (migration-built + dev verified); runtime via SecurityService.permissionsOf(DB)
BUYER,catalog.category.write,DENY,DENY,NONE,MATCH,RBAC-parity oracle: ROLE_PERMISSIONS[code] == DB RolePermission (migration-built + dev verified); runtime via SecurityService.permissionsOf(DB)
BUYER,catalog.category_schema.read,DENY,DENY,NONE,MATCH,RBAC-parity oracle: ROLE_PERMISSIONS[code] == DB RolePermission (migration-built + dev verified); runtime via SecurityService.permissionsOf(DB)
BUYER,catalog.category_schema.read_active_for_product_edit,DENY,DENY,NONE,MATCH,RBAC-parity oracle: ROLE_PERMISSIONS[code] == DB RolePermission (migration-built + dev verified); runtime via SecurityService.permissionsOf(DB)
BUYER,catalog.category_schema.write,DENY,DENY,NONE,MATCH,RBAC-parity oracle: ROLE_PERMISSIONS[code] == DB RolePermission (migration-built + dev verified); runtime via SecurityService.permissionsOf(DB)
BUYER,catalog.media.delete_own,DENY,DENY,NONE,MATCH,RBAC-parity oracle: ROLE_PERMISSIONS[code] == DB RolePermission (migration-built + dev verified); runtime via SecurityService.permissionsOf(DB)
BUYER,catalog.media.read_for_moderation,DENY,DENY,NONE,MATCH,RBAC-parity oracle: ROLE_PERMISSIONS[code] == DB RolePermission (migration-built + dev verified); runtime via SecurityService.permissionsOf(DB)
BUYER,catalog.media.reorder_own,DENY,DENY,NONE,MATCH,RBAC-parity oracle: ROLE_PERMISSIONS[code] == DB RolePermission (migration-built + dev verified); runtime via SecurityService.permissionsOf(DB)
BUYER,catalog.media.set_primary_own,DENY,DENY,NONE,MATCH,RBAC-parity oracle: ROLE_PERMISSIONS[code] == DB RolePermission (migration-built + dev verified); runtime via SecurityService.permissionsOf(DB)
BUYER,catalog.media.update_own,DENY,DENY,NONE,MATCH,RBAC-parity oracle: ROLE_PERMISSIONS[code] == DB RolePermission (migration-built + dev verified); runtime via SecurityService.permissionsOf(DB)
BUYER,catalog.media.upload_own,DENY,DENY,NONE,MATCH,RBAC-parity oracle: ROLE_PERMISSIONS[code] == DB RolePermission (migration-built + dev verified); runtime via SecurityService.permissionsOf(DB)
BUYER,catalog.product.channels_own,DENY,DENY,NONE,MATCH,RBAC-parity oracle: ROLE_PERMISSIONS[code] == DB RolePermission (migration-built + dev verified); runtime via SecurityService.permissionsOf(DB)
BUYER,catalog.product.create_own,DENY,DENY,NONE,MATCH,RBAC-parity oracle: ROLE_PERMISSIONS[code] == DB RolePermission (migration-built + dev verified); runtime via SecurityService.permissionsOf(DB)
BUYER,catalog.product.publish,DENY,DENY,NONE,MATCH,RBAC-parity oracle: ROLE_PERMISSIONS[code] == DB RolePermission (migration-built + dev verified); runtime via SecurityService.permissionsOf(DB)
BUYER,catalog.product.read,DENY,DENY,NONE,MATCH,RBAC-parity oracle: ROLE_PERMISSIONS[code] == DB RolePermission (migration-built + dev verified); runtime via SecurityService.permissionsOf(DB)
BUYER,catalog.product.read_for_moderation,DENY,DENY,NONE,MATCH,RBAC-parity oracle: ROLE_PERMISSIONS[code] == DB RolePermission (migration-built + dev verified); runtime via SecurityService.permissionsOf(DB)
BUYER,catalog.product.read_own,DENY,DENY,NONE,MATCH,RBAC-parity oracle: ROLE_PERMISSIONS[code] == DB RolePermission (migration-built + dev verified); runtime via SecurityService.permissionsOf(DB)
BUYER,catalog.product.submit_moderation,DENY,DENY,NONE,MATCH,RBAC-parity oracle: ROLE_PERMISSIONS[code] == DB RolePermission (migration-built + dev verified); runtime via SecurityService.permissionsOf(DB)
BUYER,catalog.product.update_own_draft,DENY,DENY,NONE,MATCH,RBAC-parity oracle: ROLE_PERMISSIONS[code] == DB RolePermission (migration-built + dev verified); runtime via SecurityService.permissionsOf(DB)
BUYER,catalog.product.write,DENY,DENY,NONE,MATCH,RBAC-parity oracle: ROLE_PERMISSIONS[code] == DB RolePermission (migration-built + dev verified); runtime via SecurityService.permissionsOf(DB)
BUYER,catalog.rate_plan.publish,DENY,DENY,NONE,MATCH,RBAC-parity oracle: ROLE_PERMISSIONS[code] == DB RolePermission (migration-built + dev verified); runtime via SecurityService.permissionsOf(DB)
BUYER,catalog.service_unit.publish,DENY,DENY,NONE,MATCH,RBAC-parity oracle: ROLE_PERMISSIONS[code] == DB RolePermission (migration-built + dev verified); runtime via SecurityService.permissionsOf(DB)
BUYER,communication.create,DENY,DENY,NONE,MATCH,RBAC-parity oracle: ROLE_PERMISSIONS[code] == DB RolePermission (migration-built + dev verified); runtime via SecurityService.permissionsOf(DB)
BUYER,communication.read,DENY,DENY,NONE,MATCH,RBAC-parity oracle: ROLE_PERMISSIONS[code] == DB RolePermission (migration-built + dev verified); runtime via SecurityService.permissionsOf(DB)
BUYER,communication.read_own,GRANT,GRANT,NONE,MATCH,RBAC-parity oracle: ROLE_PERMISSIONS[code] == DB RolePermission (migration-built + dev verified); runtime via SecurityService.permissionsOf(DB)
BUYER,communication.write_own,GRANT,GRANT,NONE,MATCH,RBAC-parity oracle: ROLE_PERMISSIONS[code] == DB RolePermission (migration-built + dev verified); runtime via SecurityService.permissionsOf(DB)
BUYER,crm.activity.read,DENY,DENY,NONE,MATCH,RBAC-parity oracle: ROLE_PERMISSIONS[code] == DB RolePermission (migration-built + dev verified); runtime via SecurityService.permissionsOf(DB)
BUYER,crm.company.write,DENY,DENY,NONE,MATCH,RBAC-parity oracle: ROLE_PERMISSIONS[code] == DB RolePermission (migration-built + dev verified); runtime via SecurityService.permissionsOf(DB)
BUYER,crm.contact.write,DENY,DENY,NONE,MATCH,RBAC-parity oracle: ROLE_PERMISSIONS[code] == DB RolePermission (migration-built + dev verified); runtime via SecurityService.permissionsOf(DB)
BUYER,crm.customer.create_own,DENY,DENY,NONE,MATCH,RBAC-parity oracle: ROLE_PERMISSIONS[code] == DB RolePermission (migration-built + dev verified); runtime via SecurityService.permissionsOf(DB)
BUYER,crm.customer.read,DENY,DENY,NONE,MATCH,RBAC-parity oracle: ROLE_PERMISSIONS[code] == DB RolePermission (migration-built + dev verified); runtime via SecurityService.permissionsOf(DB)
BUYER,crm.customer.read_own,DENY,DENY,NONE,MATCH,RBAC-parity oracle: ROLE_PERMISSIONS[code] == DB RolePermission (migration-built + dev verified); runtime via SecurityService.permissionsOf(DB)
BUYER,crm.customer.update_own,DENY,DENY,NONE,MATCH,RBAC-parity oracle: ROLE_PERMISSIONS[code] == DB RolePermission (migration-built + dev verified); runtime via SecurityService.permissionsOf(DB)
BUYER,crm.customer.write,DENY,DENY,NONE,MATCH,RBAC-parity oracle: ROLE_PERMISSIONS[code] == DB RolePermission (migration-built + dev verified); runtime via SecurityService.permissionsOf(DB)
BUYER,crm.partner.read,DENY,DENY,NONE,MATCH,RBAC-parity oracle: ROLE_PERMISSIONS[code] == DB RolePermission (migration-built + dev verified); runtime via SecurityService.permissionsOf(DB)
BUYER,crm.partner.write,DENY,DENY,NONE,MATCH,RBAC-parity oracle: ROLE_PERMISSIONS[code] == DB RolePermission (migration-built + dev verified); runtime via SecurityService.permissionsOf(DB)
BUYER,crm.supplier.write,DENY,DENY,NONE,MATCH,RBAC-parity oracle: ROLE_PERMISSIONS[code] == DB RolePermission (migration-built + dev verified); runtime via SecurityService.permissionsOf(DB)
BUYER,dashboard.attention.read,DENY,DENY,NONE,MATCH,RBAC-parity oracle: ROLE_PERMISSIONS[code] == DB RolePermission (migration-built + dev verified); runtime via SecurityService.permissionsOf(DB)
BUYER,dashboard.catalog.read,DENY,DENY,NONE,MATCH,RBAC-parity oracle: ROLE_PERMISSIONS[code] == DB RolePermission (migration-built + dev verified); runtime via SecurityService.permissionsOf(DB)
BUYER,dashboard.channels.read,DENY,DENY,NONE,MATCH,RBAC-parity oracle: ROLE_PERMISSIONS[code] == DB RolePermission (migration-built + dev verified); runtime via SecurityService.permissionsOf(DB)
BUYER,dashboard.customize,DENY,DENY,NONE,MATCH,RBAC-parity oracle: ROLE_PERMISSIONS[code] == DB RolePermission (migration-built + dev verified); runtime via SecurityService.permissionsOf(DB)
BUYER,dashboard.executive.read,DENY,DENY,NONE,MATCH,RBAC-parity oracle: ROLE_PERMISSIONS[code] == DB RolePermission (migration-built + dev verified); runtime via SecurityService.permissionsOf(DB)
BUYER,dashboard.financial.read,DENY,DENY,NONE,MATCH,RBAC-parity oracle: ROLE_PERMISSIONS[code] == DB RolePermission (migration-built + dev verified); runtime via SecurityService.permissionsOf(DB)
BUYER,dashboard.insights.read,DENY,DENY,NONE,MATCH,RBAC-parity oracle: ROLE_PERMISSIONS[code] == DB RolePermission (migration-built + dev verified); runtime via SecurityService.permissionsOf(DB)
BUYER,dashboard.marketplace.read,DENY,DENY,NONE,MATCH,RBAC-parity oracle: ROLE_PERMISSIONS[code] == DB RolePermission (migration-built + dev verified); runtime via SecurityService.permissionsOf(DB)
BUYER,dashboard.operational.read,DENY,DENY,NONE,MATCH,RBAC-parity oracle: ROLE_PERMISSIONS[code] == DB RolePermission (migration-built + dev verified); runtime via SecurityService.permissionsOf(DB)
BUYER,documents.read,DENY,DENY,NONE,MATCH,RBAC-parity oracle: ROLE_PERMISSIONS[code] == DB RolePermission (migration-built + dev verified); runtime via SecurityService.permissionsOf(DB)
BUYER,documents.write,DENY,DENY,NONE,MATCH,RBAC-parity oracle: ROLE_PERMISSIONS[code] == DB RolePermission (migration-built + dev verified); runtime via SecurityService.permissionsOf(DB)
BUYER,finance.commission.manage,DENY,DENY,NONE,MATCH,RBAC-parity oracle: ROLE_PERMISSIONS[code] == DB RolePermission (migration-built + dev verified); runtime via SecurityService.permissionsOf(DB)
BUYER,finance.commission.read,DENY,DENY,NONE,MATCH,RBAC-parity oracle: ROLE_PERMISSIONS[code] == DB RolePermission (migration-built + dev verified); runtime via SecurityService.permissionsOf(DB)
BUYER,finance.commission.write,DENY,DENY,NONE,MATCH,RBAC-parity oracle: ROLE_PERMISSIONS[code] == DB RolePermission (migration-built + dev verified); runtime via SecurityService.permissionsOf(DB)
BUYER,finance.currency.manage,DENY,DENY,NONE,MATCH,RBAC-parity oracle: ROLE_PERMISSIONS[code] == DB RolePermission (migration-built + dev verified); runtime via SecurityService.permissionsOf(DB)
BUYER,finance.dispute.read,DENY,DENY,NONE,MATCH,RBAC-parity oracle: ROLE_PERMISSIONS[code] == DB RolePermission (migration-built + dev verified); runtime via SecurityService.permissionsOf(DB)
BUYER,finance.dispute.write,DENY,DENY,NONE,MATCH,RBAC-parity oracle: ROLE_PERMISSIONS[code] == DB RolePermission (migration-built + dev verified); runtime via SecurityService.permissionsOf(DB)
BUYER,finance.exchange_rate.manage,DENY,DENY,NONE,MATCH,RBAC-parity oracle: ROLE_PERMISSIONS[code] == DB RolePermission (migration-built + dev verified); runtime via SecurityService.permissionsOf(DB)
BUYER,finance.invoice.read,DENY,DENY,NONE,MATCH,RBAC-parity oracle: ROLE_PERMISSIONS[code] == DB RolePermission (migration-built + dev verified); runtime via SecurityService.permissionsOf(DB)
BUYER,finance.invoice.write,DENY,DENY,NONE,MATCH,RBAC-parity oracle: ROLE_PERMISSIONS[code] == DB RolePermission (migration-built + dev verified); runtime via SecurityService.permissionsOf(DB)
BUYER,finance.ledger.read,DENY,DENY,NONE,MATCH,RBAC-parity oracle: ROLE_PERMISSIONS[code] == DB RolePermission (migration-built + dev verified); runtime via SecurityService.permissionsOf(DB)
BUYER,finance.payment.create,DENY,DENY,NONE,MATCH,RBAC-parity oracle: ROLE_PERMISSIONS[code] == DB RolePermission (migration-built + dev verified); runtime via SecurityService.permissionsOf(DB)
BUYER,finance.payment.manage,DENY,DENY,NONE,MATCH,RBAC-parity oracle: ROLE_PERMISSIONS[code] == DB RolePermission (migration-built + dev verified); runtime via SecurityService.permissionsOf(DB)
BUYER,finance.payment.read,DENY,DENY,NONE,MATCH,RBAC-parity oracle: ROLE_PERMISSIONS[code] == DB RolePermission (migration-built + dev verified); runtime via SecurityService.permissionsOf(DB)
BUYER,finance.payment.write,DENY,DENY,NONE,MATCH,RBAC-parity oracle: ROLE_PERMISSIONS[code] == DB RolePermission (migration-built + dev verified); runtime via SecurityService.permissionsOf(DB)
BUYER,finance.payout.read,DENY,DENY,NONE,MATCH,RBAC-parity oracle: ROLE_PERMISSIONS[code] == DB RolePermission (migration-built + dev verified); runtime via SecurityService.permissionsOf(DB)
BUYER,finance.provider_fee.read,DENY,DENY,NONE,MATCH,RBAC-parity oracle: ROLE_PERMISSIONS[code] == DB RolePermission (migration-built + dev verified); runtime via SecurityService.permissionsOf(DB)
BUYER,finance.refund.approve,DENY,DENY,NONE,MATCH,RBAC-parity oracle: ROLE_PERMISSIONS[code] == DB RolePermission (migration-built + dev verified); runtime via SecurityService.permissionsOf(DB)
BUYER,finance.refund.execute,DENY,DENY,NONE,MATCH,RBAC-parity oracle: ROLE_PERMISSIONS[code] == DB RolePermission (migration-built + dev verified); runtime via SecurityService.permissionsOf(DB)
BUYER,finance.refund.read,DENY,DENY,NONE,MATCH,RBAC-parity oracle: ROLE_PERMISSIONS[code] == DB RolePermission (migration-built + dev verified); runtime via SecurityService.permissionsOf(DB)
BUYER,finance.refund.write,DENY,DENY,NONE,MATCH,RBAC-parity oracle: ROLE_PERMISSIONS[code] == DB RolePermission (migration-built + dev verified); runtime via SecurityService.permissionsOf(DB)
BUYER,finance.settlement.read,DENY,DENY,NONE,MATCH,RBAC-parity oracle: ROLE_PERMISSIONS[code] == DB RolePermission (migration-built + dev verified); runtime via SecurityService.permissionsOf(DB)
BUYER,finance.tax.manage,DENY,DENY,NONE,MATCH,RBAC-parity oracle: ROLE_PERMISSIONS[code] == DB RolePermission (migration-built + dev verified); runtime via SecurityService.permissionsOf(DB)
BUYER,marketing.attribution.manage,DENY,DENY,NONE,MATCH,RBAC-parity oracle: ROLE_PERMISSIONS[code] == DB RolePermission (migration-built + dev verified); runtime via SecurityService.permissionsOf(DB)
BUYER,marketing.attribution.read,DENY,DENY,NONE,MATCH,RBAC-parity oracle: ROLE_PERMISSIONS[code] == DB RolePermission (migration-built + dev verified); runtime via SecurityService.permissionsOf(DB)
BUYER,marketing.audience.manage,DENY,DENY,NONE,MATCH,RBAC-parity oracle: ROLE_PERMISSIONS[code] == DB RolePermission (migration-built + dev verified); runtime via SecurityService.permissionsOf(DB)
BUYER,marketing.audience.read,DENY,DENY,NONE,MATCH,RBAC-parity oracle: ROLE_PERMISSIONS[code] == DB RolePermission (migration-built + dev verified); runtime via SecurityService.permissionsOf(DB)
BUYER,marketing.campaign.create,DENY,DENY,NONE,MATCH,RBAC-parity oracle: ROLE_PERMISSIONS[code] == DB RolePermission (migration-built + dev verified); runtime via SecurityService.permissionsOf(DB)
BUYER,marketing.campaign.delete,DENY,DENY,NONE,MATCH,RBAC-parity oracle: ROLE_PERMISSIONS[code] == DB RolePermission (migration-built + dev verified); runtime via SecurityService.permissionsOf(DB)
BUYER,marketing.campaign.read,DENY,DENY,NONE,MATCH,RBAC-parity oracle: ROLE_PERMISSIONS[code] == DB RolePermission (migration-built + dev verified); runtime via SecurityService.permissionsOf(DB)
BUYER,marketing.campaign.update,DENY,DENY,NONE,MATCH,RBAC-parity oracle: ROLE_PERMISSIONS[code] == DB RolePermission (migration-built + dev verified); runtime via SecurityService.permissionsOf(DB)
BUYER,marketing.read,DENY,DENY,NONE,MATCH,RBAC-parity oracle: ROLE_PERMISSIONS[code] == DB RolePermission (migration-built + dev verified); runtime via SecurityService.permissionsOf(DB)
BUYER,moderation.approve,DENY,DENY,NONE,MATCH,RBAC-parity oracle: ROLE_PERMISSIONS[code] == DB RolePermission (migration-built + dev verified); runtime via SecurityService.permissionsOf(DB)
BUYER,moderation.reject,DENY,DENY,NONE,MATCH,RBAC-parity oracle: ROLE_PERMISSIONS[code] == DB RolePermission (migration-built + dev verified); runtime via SecurityService.permissionsOf(DB)
BUYER,moderation.request_changes,DENY,DENY,NONE,MATCH,RBAC-parity oracle: ROLE_PERMISSIONS[code] == DB RolePermission (migration-built + dev verified); runtime via SecurityService.permissionsOf(DB)
BUYER,moderation.review,DENY,DENY,NONE,MATCH,RBAC-parity oracle: ROLE_PERMISSIONS[code] == DB RolePermission (migration-built + dev verified); runtime via SecurityService.permissionsOf(DB)
BUYER,operational-notes.create,DENY,DENY,NONE,MATCH,RBAC-parity oracle: ROLE_PERMISSIONS[code] == DB RolePermission (migration-built + dev verified); runtime via SecurityService.permissionsOf(DB)
BUYER,operational-notes.delete,DENY,DENY,NONE,MATCH,RBAC-parity oracle: ROLE_PERMISSIONS[code] == DB RolePermission (migration-built + dev verified); runtime via SecurityService.permissionsOf(DB)
BUYER,operational-notes.read,DENY,DENY,NONE,MATCH,RBAC-parity oracle: ROLE_PERMISSIONS[code] == DB RolePermission (migration-built + dev verified); runtime via SecurityService.permissionsOf(DB)
BUYER,operational-notes.update,DENY,DENY,NONE,MATCH,RBAC-parity oracle: ROLE_PERMISSIONS[code] == DB RolePermission (migration-built + dev verified); runtime via SecurityService.permissionsOf(DB)
BUYER,order.accept,DENY,DENY,NONE,MATCH,RBAC-parity oracle: ROLE_PERMISSIONS[code] == DB RolePermission (migration-built + dev verified); runtime via SecurityService.permissionsOf(DB)
BUYER,order.cancel,DENY,DENY,NONE,MATCH,RBAC-parity oracle: ROLE_PERMISSIONS[code] == DB RolePermission (migration-built + dev verified); runtime via SecurityService.permissionsOf(DB)
BUYER,order.close,DENY,DENY,NONE,MATCH,RBAC-parity oracle: ROLE_PERMISSIONS[code] == DB RolePermission (migration-built + dev verified); runtime via SecurityService.permissionsOf(DB)
BUYER,order.edit_noncritical,DENY,DENY,NONE,MATCH,RBAC-parity oracle: ROLE_PERMISSIONS[code] == DB RolePermission (migration-built + dev verified); runtime via SecurityService.permissionsOf(DB)
BUYER,order.read,DENY,DENY,NONE,MATCH,RBAC-parity oracle: ROLE_PERMISSIONS[code] == DB RolePermission (migration-built + dev verified); runtime via SecurityService.permissionsOf(DB)
BUYER,order.request_booking,DENY,DENY,NONE,MATCH,RBAC-parity oracle: ROLE_PERMISSIONS[code] == DB RolePermission (migration-built + dev verified); runtime via SecurityService.permissionsOf(DB)
BUYER,order.suspend,DENY,DENY,NONE,MATCH,RBAC-parity oracle: ROLE_PERMISSIONS[code] == DB RolePermission (migration-built + dev verified); runtime via SecurityService.permissionsOf(DB)
BUYER,partner.onboarding.read_own,DENY,DENY,NONE,MATCH,RBAC-parity oracle: ROLE_PERMISSIONS[code] == DB RolePermission (migration-built + dev verified); runtime via SecurityService.permissionsOf(DB)
BUYER,partner.onboarding.review,DENY,DENY,NONE,MATCH,RBAC-parity oracle: ROLE_PERMISSIONS[code] == DB RolePermission (migration-built + dev verified); runtime via SecurityService.permissionsOf(DB)
BUYER,partner.onboarding.submit_own,DENY,DENY,NONE,MATCH,RBAC-parity oracle: ROLE_PERMISSIONS[code] == DB RolePermission (migration-built + dev verified); runtime via SecurityService.permissionsOf(DB)
BUYER,partner.onboarding.update_own,DENY,DENY,NONE,MATCH,RBAC-parity oracle: ROLE_PERMISSIONS[code] == DB RolePermission (migration-built + dev verified); runtime via SecurityService.permissionsOf(DB)
BUYER,reports.read,DENY,DENY,NONE,MATCH,RBAC-parity oracle: ROLE_PERMISSIONS[code] == DB RolePermission (migration-built + dev verified); runtime via SecurityService.permissionsOf(DB)
BUYER,reverse.capability.read_own,DENY,DENY,NONE,MATCH,RBAC-parity oracle: ROLE_PERMISSIONS[code] == DB RolePermission (migration-built + dev verified); runtime via SecurityService.permissionsOf(DB)
BUYER,reverse.capability.write_own,DENY,DENY,NONE,MATCH,RBAC-parity oracle: ROLE_PERMISSIONS[code] == DB RolePermission (migration-built + dev verified); runtime via SecurityService.permissionsOf(DB)
BUYER,reverse.distribution.read_own,DENY,DENY,NONE,MATCH,RBAC-parity oracle: ROLE_PERMISSIONS[code] == DB RolePermission (migration-built + dev verified); runtime via SecurityService.permissionsOf(DB)
BUYER,reverse.match.run,DENY,DENY,NONE,MATCH,RBAC-parity oracle: ROLE_PERMISSIONS[code] == DB RolePermission (migration-built + dev verified); runtime via SecurityService.permissionsOf(DB)
BUYER,reverse.proposal.read_own,GRANT,GRANT,NONE,MATCH,RBAC-parity oracle: ROLE_PERMISSIONS[code] == DB RolePermission (migration-built + dev verified); runtime via SecurityService.permissionsOf(DB)
BUYER,reverse.proposal.select_own,GRANT,GRANT,NONE,MATCH,RBAC-parity oracle: ROLE_PERMISSIONS[code] == DB RolePermission (migration-built + dev verified); runtime via SecurityService.permissionsOf(DB)
BUYER,reverse.proposal.write_own,DENY,DENY,NONE,MATCH,RBAC-parity oracle: ROLE_PERMISSIONS[code] == DB RolePermission (migration-built + dev verified); runtime via SecurityService.permissionsOf(DB)
BUYER,reverse.request.read_own,GRANT,GRANT,NONE,MATCH,RBAC-parity oracle: ROLE_PERMISSIONS[code] == DB RolePermission (migration-built + dev verified); runtime via SecurityService.permissionsOf(DB)
BUYER,reverse.request.write_own,GRANT,GRANT,NONE,MATCH,RBAC-parity oracle: ROLE_PERMISSIONS[code] == DB RolePermission (migration-built + dev verified); runtime via SecurityService.permissionsOf(DB)
BUYER,sales.checkout.read,DENY,DENY,NONE,MATCH,RBAC-parity oracle: ROLE_PERMISSIONS[code] == DB RolePermission (migration-built + dev verified); runtime via SecurityService.permissionsOf(DB)
BUYER,sales.checkout.write,DENY,DENY,NONE,MATCH,RBAC-parity oracle: ROLE_PERMISSIONS[code] == DB RolePermission (migration-built + dev verified); runtime via SecurityService.permissionsOf(DB)
BUYER,sales.kpi.read,DENY,DENY,NONE,MATCH,RBAC-parity oracle: ROLE_PERMISSIONS[code] == DB RolePermission (migration-built + dev verified); runtime via SecurityService.permissionsOf(DB)
BUYER,sales.lead.read,DENY,DENY,NONE,MATCH,RBAC-parity oracle: ROLE_PERMISSIONS[code] == DB RolePermission (migration-built + dev verified); runtime via SecurityService.permissionsOf(DB)
BUYER,sales.lead.write,DENY,DENY,NONE,MATCH,RBAC-parity oracle: ROLE_PERMISSIONS[code] == DB RolePermission (migration-built + dev verified); runtime via SecurityService.permissionsOf(DB)
BUYER,sales.opportunity.read,DENY,DENY,NONE,MATCH,RBAC-parity oracle: ROLE_PERMISSIONS[code] == DB RolePermission (migration-built + dev verified); runtime via SecurityService.permissionsOf(DB)
BUYER,sales.opportunity.write,DENY,DENY,NONE,MATCH,RBAC-parity oracle: ROLE_PERMISSIONS[code] == DB RolePermission (migration-built + dev verified); runtime via SecurityService.permissionsOf(DB)
BUYER,sales.quote.approve,DENY,DENY,NONE,MATCH,RBAC-parity oracle: ROLE_PERMISSIONS[code] == DB RolePermission (migration-built + dev verified); runtime via SecurityService.permissionsOf(DB)
BUYER,sales.quote.read,DENY,DENY,NONE,MATCH,RBAC-parity oracle: ROLE_PERMISSIONS[code] == DB RolePermission (migration-built + dev verified); runtime via SecurityService.permissionsOf(DB)
BUYER,sales.quote.write,DENY,DENY,NONE,MATCH,RBAC-parity oracle: ROLE_PERMISSIONS[code] == DB RolePermission (migration-built + dev verified); runtime via SecurityService.permissionsOf(DB)
BUYER,sales.sale.complete,DENY,DENY,NONE,MATCH,RBAC-parity oracle: ROLE_PERMISSIONS[code] == DB RolePermission (migration-built + dev verified); runtime via SecurityService.permissionsOf(DB)
BUYER,sales.sale.read,DENY,DENY,NONE,MATCH,RBAC-parity oracle: ROLE_PERMISSIONS[code] == DB RolePermission (migration-built + dev verified); runtime via SecurityService.permissionsOf(DB)
BUYER,sales.sale.write,DENY,DENY,NONE,MATCH,RBAC-parity oracle: ROLE_PERMISSIONS[code] == DB RolePermission (migration-built + dev verified); runtime via SecurityService.permissionsOf(DB)
BUYER,seller_public_profile.approve_alias,DENY,DENY,NONE,MATCH,RBAC-parity oracle: ROLE_PERMISSIONS[code] == DB RolePermission (migration-built + dev verified); runtime via SecurityService.permissionsOf(DB)
BUYER,seller_public_profile.approve_brand,DENY,DENY,NONE,MATCH,RBAC-parity oracle: ROLE_PERMISSIONS[code] == DB RolePermission (migration-built + dev verified); runtime via SecurityService.permissionsOf(DB)
BUYER,seller_public_profile.hide_identity,DENY,DENY,NONE,MATCH,RBAC-parity oracle: ROLE_PERMISSIONS[code] == DB RolePermission (migration-built + dev verified); runtime via SecurityService.permissionsOf(DB)
BUYER,seller_public_profile.propose,DENY,DENY,NONE,MATCH,RBAC-parity oracle: ROLE_PERMISSIONS[code] == DB RolePermission (migration-built + dev verified); runtime via SecurityService.permissionsOf(DB)
BUYER,seller_public_profile.read_own,DENY,DENY,NONE,MATCH,RBAC-parity oracle: ROLE_PERMISSIONS[code] == DB RolePermission (migration-built + dev verified); runtime via SecurityService.permissionsOf(DB)
BUYER,seller_public_profile.request_changes,DENY,DENY,NONE,MATCH,RBAC-parity oracle: ROLE_PERMISSIONS[code] == DB RolePermission (migration-built + dev verified); runtime via SecurityService.permissionsOf(DB)
BUYER,seller_public_profile.review,DENY,DENY,NONE,MATCH,RBAC-parity oracle: ROLE_PERMISSIONS[code] == DB RolePermission (migration-built + dev verified); runtime via SecurityService.permissionsOf(DB)
BUYER,settings.read,DENY,DENY,NONE,MATCH,RBAC-parity oracle: ROLE_PERMISSIONS[code] == DB RolePermission (migration-built + dev verified); runtime via SecurityService.permissionsOf(DB)
BUYER,settings.write,DENY,DENY,NONE,MATCH,RBAC-parity oracle: ROLE_PERMISSIONS[code] == DB RolePermission (migration-built + dev verified); runtime via SecurityService.permissionsOf(DB)
BUYER,storefront.activate_own,DENY,DENY,NONE,MATCH,RBAC-parity oracle: ROLE_PERMISSIONS[code] == DB RolePermission (migration-built + dev verified); runtime via SecurityService.permissionsOf(DB)
BUYER,storefront.create_own,DENY,DENY,NONE,MATCH,RBAC-parity oracle: ROLE_PERMISSIONS[code] == DB RolePermission (migration-built + dev verified); runtime via SecurityService.permissionsOf(DB)
BUYER,storefront.entitlement.manage,DENY,DENY,NONE,MATCH,RBAC-parity oracle: ROLE_PERMISSIONS[code] == DB RolePermission (migration-built + dev verified); runtime via SecurityService.permissionsOf(DB)
BUYER,storefront.read_own,DENY,DENY,NONE,MATCH,RBAC-parity oracle: ROLE_PERMISSIONS[code] == DB RolePermission (migration-built + dev verified); runtime via SecurityService.permissionsOf(DB)
BUYER,storefront.update_own,DENY,DENY,NONE,MATCH,RBAC-parity oracle: ROLE_PERMISSIONS[code] == DB RolePermission (migration-built + dev verified); runtime via SecurityService.permissionsOf(DB)
BUYER,support.case.assign,DENY,DENY,NONE,MATCH,RBAC-parity oracle: ROLE_PERMISSIONS[code] == DB RolePermission (migration-built + dev verified); runtime via SecurityService.permissionsOf(DB)
BUYER,support.case.create,DENY,DENY,NONE,MATCH,RBAC-parity oracle: ROLE_PERMISSIONS[code] == DB RolePermission (migration-built + dev verified); runtime via SecurityService.permissionsOf(DB)
BUYER,support.case.delete,DENY,DENY,NONE,MATCH,RBAC-parity oracle: ROLE_PERMISSIONS[code] == DB RolePermission (migration-built + dev verified); runtime via SecurityService.permissionsOf(DB)
BUYER,support.case.read,DENY,DENY,NONE,MATCH,RBAC-parity oracle: ROLE_PERMISSIONS[code] == DB RolePermission (migration-built + dev verified); runtime via SecurityService.permissionsOf(DB)
BUYER,support.case.update,DENY,DENY,NONE,MATCH,RBAC-parity oracle: ROLE_PERMISSIONS[code] == DB RolePermission (migration-built + dev verified); runtime via SecurityService.permissionsOf(DB)
BUYER,support.read,DENY,DENY,NONE,MATCH,RBAC-parity oracle: ROLE_PERMISSIONS[code] == DB RolePermission (migration-built + dev verified); runtime via SecurityService.permissionsOf(DB)
BUYER,support.write,DENY,DENY,NONE,MATCH,RBAC-parity oracle: ROLE_PERMISSIONS[code] == DB RolePermission (migration-built + dev verified); runtime via SecurityService.permissionsOf(DB)
